Rk,Player,Age,Team,Pos,G,GS,MP,PER,TS%,3PAr,FTr,ORB%,DRB%,TRB%,AST%,STL%,BLK%,TOV%,USG%,OWS,DWS,WS,WS/48,OBPM,DBPM,BPM,VORP,Awards,Player-additional,Temporada,id
5.0,Paul George,28.0,OKC,SF,77,77,2841,23.3,0.583,0.469,0.335,3.7,19.6,11.4,17.7,2.8,1.0,10.0,29.5,7.0,4.9,11.9,0.201,5.6,1.6,7.2,6.6,MVP-3DPOY-3ASNBA1,georgpa01,2018,202331.0
12.0,Steven Adams,25.0,OKC,C,80,80,2669,18.5,0.591,0.002,0.361,14.7,14.8,14.7,6.6,2.0,2.4,12.6,16.4,5.1,4.0,9.1,0.163,0.7,0.4,1.1,2.1,0,adamsst01,2018,203500.0
16.0,Russell Westbrook,30.0,OKC,PG,73,73,2630,21.1,0.501,0.279,0.306,4.1,28.3,15.8,46.5,2.5,1.1,16.3,30.9,1.8,5.0,6.8,0.124,2.8,2.4,5.2,4.7,MVP-10ASNBA3,westbru01,2018,201566.0
19.0,Jerami Grant,24.0,OKC,PF,80,77,2612,13.8,0.592,0.356,0.269,3.7,13.1,8.2,4.2,1.1,3.2,6.8,15.4,4.0,3.3,7.3,0.134,-0.4,0.6,0.2,1.5,0,grantje01,2018,203924.0
29.0,Karl-Anthony Towns,23.0,MIN,C,77,77,2545,26.3,0.622,0.27,0.342,10.9,29.3,20.0,17.2,1.3,4.2,13.7,28.9,7.2,3.2,10.4,0.197,5.4,0.6,6.0,5.1,AS,townska01,2018,1626157.0
30.0,Andrew Wiggins,23.0,MIN,SF,73,73,2543,12.4,0.493,0.288,0.245,3.5,11.4,7.4,10.9,1.3,1.6,9.3,24.4,-0.6,1.3,0.6,0.012,-1.2,-1.8,-3.0,-0.6,0,wiggian01,2018,203952.0
34.0,Nikola Jokić,23.0,DEN,C,80,80,2504,26.3,0.589,0.224,0.292,9.8,27.6,18.7,37.0,2.1,1.9,15.4,27.4,7.5,4.3,11.8,0.226,6.2,2.9,9.1,7.0,MVP-4ASNBA1,jokicni01,2018,203999.0
37.0,Jayson Tatum,20.0,BOS,SF,79,79,2455,15.1,0.547,0.3,0.22,3.0,17.7,10.4,10.0,1.7,2.1,9.7,22.2,1.6,3.2,4.8,0.094,-0.4,0.2,-0.2,1.1,0,tatumja01,2018,1628369.0
39.0,Jamal Murray,21.0,DEN,PG,75,74,2447,16.0,0.538,0.353,0.19,2.9,11.2,7.0,22.4,1.3,1.0,11.1,24.9,2.8,2.3,5.1,0.1,1.4,-0.8,0.6,1.6,0,murraja01,2018,1627750.0
55.0,Dennis Schröder,25.0,OKC,PG,79,14,2314,12.7,0.508,0.33,0.206,1.6,11.3,6.3,20.4,1.3,0.4,12.5,24.2,0.4,2.4,2.9,0.06,-1.3,-0.7,-2.0,0.0,6MOY-8,schrode01,2018,1631516.0
67.0,Kyrie Irving,26.0,BOS,PG,67,67,2214,24.4,0.592,0.35,0.197,3.4,12.7,8.1,35.0,2.3,1.4,11.3,29.7,6.2,2.8,9.0,0.195,6.0,1.1,7.2,5.1,ASNBA2,irvinky01,2018,202681.0
71.0,Marcus Smart,24.0,BOS,SG,80,60,2200,13.2,0.568,0.61,0.228,2.8,8.6,5.7,19.1,3.1,1.1,16.5,14.7,2.2,3.0,5.2,0.114,-1.2,2.0,0.8,1.5,DPOY-8,smartma01,2018,203935.0
72.0,Jimmy Butler,29.0,MIN,SG,10,10,361,22.3,0.579,0.287,0.389,4.7,10.8,7.7,18.2,3.2,2.4,7.1,23.0,1.0,0.4,1.3,0.176,4.7,2.2,6.9,0.8,0,butleji01,2018,202710.0
80.0,Kevin Knox,19.0,NYK,PF,75,57,2158,8.7,0.475,0.398,0.247,2.9,13.6,8.1,6.0,1.0,0.9,10.1,22.3,-2.2,0.9,-1.3,-0.03,-3.4,-2.3,-5.7,-2.0,0,knoxke01,2018,1628995.0
89.0,Marcus Morris,29.0,BOS,PF,75,53,2091,14.3,0.568,0.461,0.205,3.9,19.5,11.7,7.5,1.0,1.1,9.1,20.9,2.1,2.4,4.4,0.102,-0.2,-0.7,-0.9,0.6,0,morrima03,2018,1631506.0
90.0,Wesley Matthews,32.0,NYK,SG,2,1,54,2.9,0.33,0.526,0.263,1.9,4.0,2.9,12.9,0.9,1.6,8.6,18.4,-0.1,0.0,-0.1,-0.115,-5.3,-1.3,-6.6,-0.1,0,matthwe02,2018,202083.0
94.0,Tim Hardaway Jr.,26.0,NYK,SG,46,46,1499,14.4,0.531,0.464,0.321,1.8,9.6,5.6,13.5,1.4,0.3,8.9,25.9,1.0,0.5,1.5,0.048,0.4,-1.9,-1.6,0.2,0,hardati02,2018,203501.0
96.0,DeAndre Jordan,30.0,NYK,C,19,19,493,22.1,0.681,0.0,0.537,13.3,33.0,22.9,18.2,0.9,3.4,21.6,16.8,1.3,0.6,1.9,0.181,2.2,1.3,3.4,0.7,0,jordade01,2018,201599.0
101.0,Dario Šarić,24.0,MIN,PF,68,28,1627,14.3,0.579,0.449,0.213,6.8,17.7,12.2,8.8,1.2,0.3,10.5,17.8,2.4,0.9,3.3,0.099,0.4,-1.3,-0.8,0.5,0,saricda01,2018,203967.0
103.0,Damyean Dotson,24.0,NYK,SG,73,40,2004,10.8,0.526,0.49,0.14,1.7,12.2,6.8,10.4,1.4,0.4,8.7,17.3,0.7,0.9,1.5,0.037,-1.7,-0.8,-2.6,-0.3,0,dotsoda01,2018,1628422.0
109.0,Al Horford,32.0,BOS,C,68,68,1973,20.2,0.605,0.281,0.131,6.5,18.3,12.4,21.2,1.4,3.9,11.8,19.0,4.5,2.8,7.4,0.179,3.3,1.9,5.1,3.6,0,horfoal01,2018,201143.0
110.0,Monte Morris,23.0,DEN,PG,82,6,1970,16.2,0.577,0.323,0.115,1.9,8.8,5.3,21.7,1.8,0.2,6.6,17.1,4.4,1.8,6.2,0.151,1.1,0.3,1.5,1.7,6MOY-9,morrimo01,2018,1628420.0
117.0,Terrance Ferguson,20.0,OKC,SG,74,74,1931,6.4,0.566,0.673,0.118,1.7,6.0,3.8,4.8,1.0,0.7,9.4,10.6,1.2,1.6,2.8,0.07,-3.9,0.1,-3.8,-0.9,0,fergute01,2018,1628390.0
119.0,Jaylen Brown,22.0,BOS,SG,74,25,1913,13.6,0.547,0.348,0.255,3.6,13.9,8.7,7.7,1.7,1.5,10.1,22.2,0.7,2.3,2.9,0.073,-1.6,-0.4,-2.1,0.0,0,brownja02,2018,1627759.0
124.0,Paul Millsap,33.0,DEN,PF,70,65,1895,17.9,0.57,0.239,0.374,8.7,20.2,14.4,10.6,2.2,2.5,10.9,19.6,3.2,2.9,6.1,0.155,0.7,1.0,1.7,1.8,0,millspa01,2018,200794.0
127.0,Malik Beasley,22.0,DEN,SG,81,18,1879,14.2,0.599,0.55,0.09,2.0,9.5,5.8,7.5,1.4,0.5,6.7,18.7,2.9,1.6,4.5,0.115,0.8,-0.7,0.1,1.0,6MOY-11,beaslma01,2018,1627736.0
129.0,Gordon Hayward,28.0,BOS,PF,72,18,1863,15.6,0.575,0.364,0.294,2.9,15.5,9.2,18.4,1.6,1.1,12.8,19.1,2.6,2.2,4.8,0.123,0.4,0.4,0.8,1.3,0,haywago01,2018,202330.0
140.0,Terry Rozier,24.0,BOS,PG,79,14,1791,13.0,0.501,0.506,0.14,1.9,16.4,9.1,17.7,1.8,1.0,8.8,18.7,0.9,2.2,3.1,0.083,-0.7,0.5,-0.2,0.8,0,roziete01,2018,1626179.0
145.0,Josh Okogie,20.0,MIN,SG,74,52,1757,9.3,0.492,0.423,0.319,2.5,10.9,6.6,6.9,2.4,1.6,9.8,15.4,-0.1,1.4,1.2,0.034,-3.5,0.4,-3.1,-0.5,ROY-8,okogijo01,2018,1629006.0
148.0,Mason Plumlee,28.0,DEN,C,82,17,1731,17.8,0.602,0.023,0.448,10.3,22.5,16.4,19.5,1.9,3.9,19.2,16.2,2.9,2.9,5.8,0.16,-0.5,2.6,2.1,1.8,0,plumlma01,2018,203486.0
151.0,Noah Vonleh,23.0,NYK,PF,68,57,1722,13.9,0.561,0.311,0.355,6.7,25.8,16.0,11.1,1.3,2.5,14.7,14.8,1.5,1.7,3.2,0.09,-1.2,0.5,-0.7,0.6,0,vonleno01,2018,203943.0
156.0,Taj Gibson,33.0,MIN,PF,70,57,1686,17.8,0.612,0.063,0.33,10.8,18.3,14.5,7.3,1.5,2.0,10.6,17.2,3.7,1.4,5.1,0.144,0.3,-0.4,-0.1,0.8,0,gibsota01,2018,201959.0
164.0,Enes Freedom,26.0,NYK,C,44,23,1128,21.8,0.585,0.047,0.276,15.5,27.5,21.4,13.1,0.8,1.3,13.1,22.9,2.4,0.9,3.4,0.143,2.5,-1.6,0.9,0.8,0,kanteen01,2018,202683.0
165.0,Gary Harris,24.0,DEN,SG,57,48,1639,12.2,0.526,0.38,0.226,2.7,7.9,5.3,11.0,1.6,1.0,8.9,20.0,1.1,1.5,2.6,0.076,-1.2,-0.4,-1.6,0.2,0,harriga01,2018,203914.0
169.0,Emmanuel Mudiay,22.0,NYK,PG,59,42,1607,14.6,0.531,0.284,0.251,2.1,10.9,6.4,24.2,1.3,1.0,14.6,25.6,0.1,0.7,0.8,0.023,-0.2,-1.8,-2.0,0.0,0,mudiaem01,2018,1626144.0
175.0,Tyus Jones,22.0,MIN,PG,68,23,1560,13.7,0.491,0.283,0.155,1.6,7.7,4.6,28.3,2.5,0.3,9.0,14.1,2.1,0.9,3.0,0.091,-0.9,0.3,-0.6,0.6,0,jonesty01,2018,1626145.0
181.0,Dennis Smith Jr.,21.0,NYK,PG,21,18,600,13.5,0.473,0.283,0.253,2.4,7.9,5.1,32.2,2.2,1.3,14.2,27.0,-0.5,0.3,-0.2,-0.014,-0.8,-0.9,-1.7,0.0,0,smithde03,2018,1628372.0
182.0,Torrey Craig,28.0,DEN,SF,75,37,1503,10.4,0.547,0.519,0.193,6.4,12.6,9.5,6.3,1.2,2.7,10.1,12.4,1.4,1.7,3.0,0.096,-2.0,0.2,-1.9,0.0,0,craigto01,2018,1628470.0
190.0,Allonzo Trier,23.0,NYK,SG,64,3,1459,12.2,0.564,0.255,0.431,2.2,12.2,7.1,12.9,0.9,0.8,15.8,21.5,0.4,0.5,0.9,0.03,-1.6,-1.5,-3.1,-0.4,0,trieral01,2018,1629019.0
202.0,Derrick Rose,30.0,MIN,PG,51,13,1392,19.5,0.557,0.194,0.212,2.5,8.3,5.4,26.4,1.1,0.7,9.1,27.3,2.6,0.3,3.0,0.102,3.2,-1.7,1.4,1.2,6MOY-6,rosede01,2018,201565.0
208.0,Mitchell Robinson,20.0,NYK,C,66,19,1360,22.0,0.692,0.0,0.464,13.3,19.4,16.3,4.2,1.8,10.0,9.1,12.1,4.0,2.2,6.1,0.217,0.1,2.4,2.5,1.6,ROY-8,robinmi01,2018,1629011.0
209.0,Juancho Hernangómez,23.0,DEN,PF,70,25,1358,11.0,0.58,0.576,0.274,5.1,16.1,10.6,5.3,1.0,1.6,9.5,12.2,1.6,1.4,3.0,0.105,-0.9,-0.2,-1.1,0.3,0,hernaju01,2018,1627823.0
224.0,Markieff Morris,29.0,OKC,PF,24,1,387,10.4,0.475,0.378,0.122,5.2,19.6,12.1,6.8,1.3,0.4,4.1,18.0,0.2,0.5,0.7,0.083,-2.8,0.1,-2.8,-0.1,0,morrima02,2018,202693.0
225.0,Jeff Teague,30.0,MIN,PG,42,41,1264,15.4,0.528,0.252,0.368,1.3,7.7,4.5,37.6,1.6,1.2,16.7,19.3,1.7,0.5,2.2,0.085,0.8,-1.2,-0.4,0.5,0,teaguje01,2018,201952.0
241.0,Mario Hezonja,23.0,NYK,SF,58,24,1206,10.8,0.497,0.328,0.246,2.4,18.7,10.4,11.5,2.3,0.6,14.6,21.3,-1.1,1.1,-0.1,-0.003,-3.5,-0.3,-3.8,-0.5,0,hezonma01,2018,1626209.0
242.0,Robert Covington,28.0,MIN,SF,22,22,763,14.7,0.58,0.604,0.269,2.9,14.9,8.8,5.8,3.1,2.7,8.4,16.5,0.9,0.9,1.8,0.114,0.1,2.1,2.2,0.8,0,covinro01,2018,203496.0
244.0,Will Barton,28.0,DEN,SF,43,38,1189,11.0,0.501,0.426,0.161,2.9,15.3,9.1,14.6,0.7,1.6,11.7,20.0,0.1,1.1,1.2,0.049,-1.1,-0.8,-1.8,0.0,0,bartowi01,2018,203115.0
255.0,Trey Burke,26.0,NYK,PG,33,7,689,15.6,0.496,0.24,0.209,2.2,7.3,4.7,23.6,1.5,0.6,6.9,26.1,0.4,0.2,0.6,0.044,0.9,-1.5,-0.6,0.2,0,burketr01,2018,203504.0
257.0,Trey Lyles,23.0,DEN,PF,64,2,1120,12.7,0.5,0.404,0.234,4.2,19.6,11.9,11.3,1.3,1.8,11.1,23.4,-0.2,1.4,1.2,0.05,-1.8,-0.7,-2.4,-0.1,0,lylestr01,2018,1626168.0
263.0,Anthony Tolliver,33.0,MIN,PF,65,0,1079,8.6,0.571,0.83,0.232,1.5,16.2,8.8,5.5,0.8,1.7,11.2,12.5,0.6,0.5,1.2,0.052,-1.7,-0.7,-2.4,-0.1,0,tollian01,2018,201229.0
270.0,Nerlens Noel,24.0,OKC,C,77,2,1055,19.3,0.608,0.0,0.286,12.1,20.0,15.9,5.9,2.9,7.7,13.4,13.8,1.9,2.5,4.3,0.198,-1.2,3.3,2.1,1.1,0,noelne01,2018,203457.0
273.0,Gorgui Dieng,29.0,MIN,C,76,2,1031,18.1,0.572,0.149,0.281,8.3,24.1,16.1,10.3,2.2,3.4,11.9,19.6,1.5,1.3,2.8,0.132,-0.3,0.9,0.6,0.7,0,dienggo01,2018,203476.0
289.0,Daniel Theis,26.0,BOS,C,66,2,908,17.1,0.624,0.252,0.286,10.2,16.2,13.2,10.5,1.1,4.1,9.9,15.8,2.3,1.2,3.5,0.185,-0.8,0.9,0.0,0.5,0,theisda01,2018,1628464.0
290.0,Frank Ntilikina,20.0,NYK,PG,43,16,904,6.0,0.417,0.408,0.106,1.4,8.9,5.0,19.5,1.6,1.3,15.9,16.6,-1.3,0.4,-0.8,-0.045,-5.2,-0.8,-6.0,-0.9,0,ntilila01,2018,1628373.0
298.0,Patrick Patterson,29.0,OKC,PF,63,5,861,8.1,0.493,0.626,0.137,4.9,13.0,8.8,4.6,0.9,1.3,8.7,12.0,0.2,0.9,1.1,0.064,-2.0,-0.4,-2.5,-0.1,0,pattepa01,2018,202335.0
302.0,Aron Baynes,32.0,BOS,C,51,18,821,14.1,0.567,0.274,0.278,11.4,19.8,15.6,9.3,0.7,3.7,13.8,15.3,1.3,1.1,2.3,0.136,-1.8,0.3,-1.5,0.1,0,baynear01,2018,203382.0
311.0,Luke Kornet,23.0,NYK,C,46,18,784,14.8,0.531,0.682,0.163,3.6,14.6,9.0,10.5,1.7,4.5,7.6,17.9,0.6,0.7,1.4,0.083,1.4,0.7,2.0,0.8,0,kornelu01,2018,1628436.0
313.0,Lance Thomas,30.0,NYK,PF,46,17,783,6.4,0.482,0.401,0.183,2.7,13.1,7.8,5.0,1.0,0.8,10.1,12.9,-0.3,0.3,0.1,0.004,-4.8,-0.9,-5.7,-0.7,0,thomala01,2018,202498.0
330.0,Abdel Nader,25.0,OKC,SF,61,1,694,8.8,0.522,0.465,0.167,2.0,15.7,8.6,3.8,1.3,1.5,10.1,15.1,0.0,0.9,0.9,0.062,-3.6,0.3,-3.2,-0.2,0,naderab01,2018,1627846.0
335.0,Timothé Luwawu-Cabarrot,23.0,OKC,SF,21,1,123,3.4,0.383,0.512,0.14,3.3,12.1,7.6,4.2,1.5,0.7,9.9,16.8,-0.2,0.1,-0.1,-0.033,-7.0,-0.1,-7.1,-0.2,0,luwawti01,2018,1627789.0
337.0,Jerryd Bayless,30.0,MIN,PG,34,6,657,8.5,0.431,0.426,0.122,1.8,8.4,5.0,24.6,1.3,0.3,11.7,17.6,-0.2,0.2,0.0,-0.003,-2.9,-1.7,-4.6,-0.4,0,bayleje01,2018,201573.0
343.0,Isaiah Canaan,27.0,MIN,PG,7,1,95,12.3,0.536,0.655,0.138,0.0,5.7,2.8,26.9,1.0,0.9,11.5,15.4,0.1,0.0,0.2,0.079,0.7,-2.0,-1.3,0.0,0,canaais01,2018,203477.0
348.0,Semi Ojeleye,24.0,BOS,PF,56,3,594,8.5,0.531,0.563,0.247,4.3,11.2,7.7,5.1,0.8,0.6,9.8,14.1,0.2,0.5,0.7,0.054,-2.8,-1.2,-4.0,-0.3,0,ojelese01,2018,1628400.0
349.0,Álex Abrines,25.0,OKC,SG,31,2,588,6.3,0.507,0.809,0.083,0.9,7.8,4.2,4.3,1.3,0.9,7.9,12.2,0.1,0.6,0.6,0.053,-3.7,0.4,-3.3,-0.2,0,abrinal01,2018,1631476.0
356.0,Hamidou Diallo,20.0,OKC,SG,51,3,526,10.1,0.497,0.145,0.358,7.2,12.0,9.5,4.4,1.9,1.6,10.7,16.6,0.1,0.7,0.8,0.069,-4.4,0.2,-4.2,-0.3,0,diallha01,2018,1628977.0
360.0,Keita Bates-Diop,23.0,MIN,SF,30,3,503,9.6,0.489,0.366,0.197,3.4,14.4,8.8,4.6,1.7,2.4,8.3,14.1,0.0,0.4,0.3,0.032,-2.8,-0.6,-3.4,-0.2,0,bateske01,2018,1628966.0
366.0,Greg Monroe,28.0,BOS,C,2,0,5,60.5,0.6,0.0,0.0,63.9,0.0,32.0,73.4,0.0,0.0,0.0,43.3,0.1,0.0,0.1,0.535,28.0,-2.8,25.2,0.0,0,monrogr01,2018,202328.0
375.0,Courtney Lee,33.0,NYK,SG,12,2,160,13.7,0.527,0.34,0.298,3.8,14.1,8.8,15.1,2.4,1.1,8.6,15.5,0.2,0.1,0.3,0.087,-1.8,1.1,-0.8,0.0,0,leeco01,2018,201584.0
378.0,Kadeem Allen,26.0,NYK,PG,19,1,416,16.2,0.574,0.255,0.383,2.0,11.1,6.4,28.7,1.9,0.8,13.6,19.6,0.7,0.2,1.0,0.111,0.2,0.3,0.5,0.3,0,allenka01,2018,1628443.0
384.0,Luol Deng,33.0,MIN,SF,22,2,392,14.6,0.588,0.373,0.297,5.4,14.6,10.0,6.5,1.8,1.7,9.5,15.8,0.5,0.3,0.8,0.101,0.2,-0.3,0.0,0.2,0,denglu01,2018,2736.0
386.0,Raymond Felton,34.0,OKC,PG,33,0,379,11.2,0.505,0.452,0.096,1.1,8.4,4.6,18.7,1.2,1.3,9.0,16.6,0.3,0.4,0.7,0.087,-1.7,0.4,-1.3,0.1,0,feltora01,2018,101109.0
392.0,Brad Wanamaker,29.0,BOS,PG,36,0,343,14.4,0.597,0.371,0.267,0.9,11.8,6.4,22.5,1.7,0.5,13.9,17.2,0.6,0.4,0.9,0.131,-1.3,0.7,-0.7,0.1,0,wanambr01,2018,202954.0
395.0,John Jenkins,27.0,NYK,SG,22,0,319,9.3,0.518,0.544,0.175,1.9,10.1,5.9,9.9,0.0,0.5,7.5,16.1,0.2,0.0,0.2,0.024,-1.4,-2.5,-3.9,-0.2,0,jenkijo01,2018,203098.0
406.0,Robert Williams,21.0,BOS,C,32,2,283,18.9,0.703,0.0,0.294,10.2,20.4,15.3,3.3,1.5,12.5,14.8,10.3,0.5,0.6,1.2,0.199,-1.7,3.4,1.8,0.3,0,williro04,2018,1629057.0
409.0,Henry Ellenson,22.0,NYK,PF,17,0,234,12.9,0.536,0.4,0.271,2.2,23.8,12.7,10.0,1.4,0.7,8.6,19.0,0.1,0.2,0.3,0.07,-1.4,-0.5,-1.9,0.0,0,ellenhe01,2018,1627740.0
410.0,Cameron Reynolds,23.0,MIN,SG,19,0,259,10.4,0.58,0.654,0.115,1.6,11.3,6.4,6.8,1.1,0.7,5.7,14.1,0.3,0.1,0.4,0.078,-1.3,-1.2,-2.5,0.0,0,reynoca01,2018,1629244.0
413.0,Guerschon Yabusele,23.0,BOS,PF,41,1,251,12.5,0.542,0.364,0.286,9.8,12.8,11.3,8.2,1.5,2.5,14.8,17.5,0.2,0.3,0.5,0.088,-2.5,-0.2,-2.7,0.0,0,yabusgu01,2018,1627824.0
414.0,Deonte Burton,25.0,OKC,SG,32,0,240,7.0,0.47,0.329,0.146,1.7,10.7,6.0,5.0,1.2,2.8,9.3,16.3,-0.2,0.3,0.1,0.027,-4.9,0.6,-4.3,-0.1,0,burtode02,2018,1629126.0
430.0,Isaiah Thomas,29.0,DEN,SG,12,0,181,7.0,0.437,0.434,0.273,3.0,4.8,3.9,18.6,1.4,0.5,14.0,30.4,-0.4,0.1,-0.3,-0.077,-4.0,-2.5,-6.5,-0.2,0,thomais02,2018,202738.0
441.0,Ron Baker,25.0,NYK,SG,11,0,107,4.4,0.376,0.563,0.375,1.0,6.0,3.4,16.1,2.3,0.0,13.9,8.6,0.0,0.0,0.0,0.002,-7.7,1.1,-6.6,-0.1,0,bakerro01,2018,1627758.0
448.0,C.J. Williams,28.0,MIN,SG,15,0,128,8.8,0.55,0.457,0.029,0.8,5.9,3.3,12.9,2.2,0.0,12.4,13.3,0.1,0.1,0.1,0.042,-3.8,0.2,-3.7,-0.1,0,willicj01,2018,203710.0
458.0,Jared Terrell,23.0,MIN,SG,14,0,111,0.7,0.372,0.436,0.154,1.0,4.9,2.9,14.4,1.3,1.5,19.4,19.6,-0.4,0.0,-0.3,-0.14,-8.5,-2.3,-10.9,-0.2,0,terreja01,2018,1629123.0
461.0,James Nunnally,28.0,MIN,SF,13,0,64,12.1,0.593,0.619,0.19,0.0,6.8,3.3,10.9,0.7,0.0,4.2,15.6,0.1,0.0,0.1,0.097,1.4,-1.3,0.1,0.0,0,nunnaja01,2018,203263.0
465.0,Tyler Lydon,22.0,DEN,PF,25,0,94,9.3,0.595,0.556,0.167,8.0,12.7,10.4,8.2,1.0,0.0,17.2,10.6,0.1,0.1,0.2,0.086,-2.8,-1.4,-4.2,-0.1,0,lydonty01,2018,1628399.0
470.0,Jarred Vanderbilt,19.0,DEN,PF,17,0,69,12.4,0.513,0.053,0.526,10.9,25.2,18.0,5.9,4.3,1.3,25.5,19.4,-0.1,0.1,0.1,0.037,-5.2,1.0,-4.2,0.0,0,vandeja01,2018,1629020.0
475.0,Jawun Evans,22.0,OKC,PG,1,0,1,-38.1,0.0,1.0,0.0,0.0,0.0,0.0,0.0,0.0,0.0,0.0,40.7,0.0,0.0,0.0,-0.946,-52.4,-29.1,-81.4,0.0,0,evansja01,2018,1628393.0
477.0,Billy Garrett,24.0,NYK,SG,4,0,63,9.8,0.452,0.296,0.148,0.0,5.1,2.5,18.0,0.8,1.3,6.5,20.9,0.0,0.0,0.0,-0.019,-3.9,-1.7,-5.5,-0.1,0,garrebi01,2018,1628656.0
479.0,Brandon Goodwin,23.0,DEN,PG,16,0,57,8.3,0.413,0.261,0.478,1.9,3.8,2.8,32.1,0.0,0.0,9.7,23.1,0.0,0.0,0.0,0.021,-4.7,-4.8,-9.5,-0.1,0,goodwbr01,2018,1629164.0
482.0,P.J. Dozier,22.0,BOS,SG,6,0,51,16.0,0.434,0.381,0.095,12.5,23.1,17.8,13.7,1.9,0.0,0.0,18.6,0.1,0.1,0.1,0.123,-1.3,-0.6,-2.0,0.0,0,dozieP.J.01,2018,1628408.0
484.0,Mitch Creek,26.0,MIN,SF,1,0,12,16.3,0.5,0.167,0.0,8.8,9.0,8.9,13.6,4.0,0.0,14.3,24.5,0.0,0.0,0.0,0.011,-1.7,-1.3,-3.0,0.0,0,creekmi01,2018,1631486.0
492.0,Nick Young,33.0,DEN,SG,4,0,37,2.3,0.5,0.889,0.0,0.0,2.9,1.5,6.8,0.0,2.4,18.2,12.7,0.0,0.0,0.0,-0.021,-4.3,-2.5,-6.9,0.0,0,youngni01,2018,201156.0
493.0,Thomas Welsh,22.0,DEN,C,11,0,36,16.1,0.648,0.538,0.154,0.0,12.1,6.0,20.5,0.0,0.0,6.7,17.7,0.1,0.0,0.1,0.162,2.2,-1.1,1.2,0.0,0,welshth01,2018,1629118.0
496.0,Isaiah Hicks,24.0,NYK,PF,3,0,32,17.4,0.588,0.0,0.625,6.4,16.7,11.4,9.4,1.5,7.9,8.9,15.0,0.1,0.0,0.1,0.153,-2.1,2.2,0.1,0.0,0,hicksis01,2018,1628439.0
499.0,R.J. Hunter,25.0,BOS,SG,1,0,26,21.6,0.612,0.769,0.154,4.1,8.2,6.2,18.0,1.9,0.0,0.0,23.1,0.1,0.0,0.1,0.223,3.2,0.4,3.6,0.0,0,hunterj01,2018,1631496.0
502.0,DeVaughn Akoon-Purcell,25.0,DEN,SG,7,0,22,8.2,0.322,0.4,0.2,4.9,14.8,9.8,37.1,4.5,0.0,15.5,25.0,-0.1,0.0,0.0,-0.051,-7.9,2.1,-5.8,0.0,0,akoonde01,2018,1629152.0
525.0,Donte Grantham,23.0,OKC,SF,3,0,2,-38.1,0.0,1.0,0.0,0.0,0.0,0.0,0.0,0.0,0.0,0.0,40.7,0.0,0.0,0.0,-0.946,-23.6,-14.0,-37.6,0.0,0,grantdo01,2018,1629055.0
528.0,Tyler Davis,21.0,OKC,C,1,0,1,0.0,0.0,0.0,0.0,100.0,0.0,51.6,0.0,0.0,0.0,0.0,40.7,0.0,0.0,0.0,-0.471,-9.6,-31.1,-40.7,0.0,0,davisty01,2018,1629093.0
8.0,Shai Gilgeous-Alexander,21.0,OKC,SG,70,70,2428,17.7,0.568,0.247,0.352,2.2,16.1,9.4,15.2,1.6,1.7,10.3,23.7,3.1,3.0,6.1,0.121,1.3,0.4,1.7,2.2,0,gilgesh01,2019,1628983.0
11.0,Nikola Jokić,24.0,DEN,C,73,73,2336,24.9,0.605,0.238,0.281,8.0,26.1,17.1,35.2,1.8,1.7,15.8,26.6,6.7,3.1,9.8,0.202,5.5,2.0,7.4,5.5,MVP-9ASNBA2,jokicni01,2019,203999.0
15.0,Jayson Tatum,21.0,BOS,PF,66,66,2265,20.4,0.567,0.383,0.255,3.1,18.5,10.9,14.5,2.0,2.3,10.2,28.6,3.2,3.7,6.9,0.146,3.5,0.6,4.0,3.4,MVP-12ASNBA3,tatumja01,2019,1628369.0
18.0,Chris Paul,34.0,OKC,PG,70,70,2208,21.7,0.61,0.343,0.315,1.3,15.7,8.7,34.0,2.4,0.4,13.8,23.3,5.9,3.0,8.9,0.193,3.0,1.4,4.4,3.5,MVP-7ASNBA2,paulch01,2019,101108.0
25.0,Robert Covington,29.0,MIN,PF,48,47,1411,13.5,0.572,0.629,0.19,2.6,19.5,10.7,5.9,2.6,2.6,12.0,17.8,0.5,1.8,2.3,0.078,-1.2,1.2,0.0,0.7,0,covinro01,2019,203496.0
38.0,Julius Randle,25.0,NYK,PF,64,64,2080,17.5,0.538,0.23,0.35,7.5,24.9,16.0,15.8,1.2,1.0,14.3,27.6,0.9,1.8,2.7,0.062,0.7,-1.0,-0.3,0.9,0,randlju01,2019,203944.0
55.0,Dennis Schröder,26.0,OKC,PG,65,2,1999,16.7,0.575,0.337,0.245,1.1,11.6,6.5,21.9,1.1,0.6,13.4,27.2,1.9,1.8,3.6,0.087,1.1,-1.1,-0.1,1.0,6MOY-2,schrode01,2019,1631516.0
62.0,Marcus Morris,30.0,NYK,SF,43,43,1387,16.5,0.582,0.415,0.311,3.6,14.7,9.0,6.8,1.2,1.2,9.2,24.4,2.1,0.8,2.9,0.101,1.8,-1.1,0.7,0.9,0,morrima03,2019,1631506.0
63.0,Jaylen Brown,23.0,BOS,SG,57,57,1934,16.9,0.583,0.381,0.274,3.5,16.5,10.1,9.7,1.6,1.0,11.2,24.7,2.3,2.6,4.9,0.123,1.0,-0.2,0.8,1.4,0,brownja02,2019,1627759.0
66.0,Marcus Smart,25.0,BOS,SG,60,40,1919,13.8,0.518,0.579,0.223,2.4,10.1,6.3,21.1,2.5,1.4,12.1,18.9,1.7,2.8,4.5,0.112,0.0,1.4,1.4,1.6,DPOY-6,smartma01,2019,203935.0
68.0,Will Barton,29.0,DEN,SF,58,58,1916,15.6,0.549,0.39,0.18,4.5,16.9,10.7,16.0,1.6,1.4,9.9,20.1,2.4,1.8,4.2,0.106,1.2,-0.2,1.1,1.5,0,bartowi01,2019,203115.0
71.0,Jamal Murray,22.0,DEN,PG,59,59,1904,17.7,0.559,0.362,0.207,2.7,11.2,6.9,22.9,1.7,0.8,11.5,25.2,2.8,1.5,4.3,0.107,2.0,-0.8,1.2,1.5,0,murraja01,2019,1627750.0
73.0,Jerami Grant,25.0,DEN,PF,71,24,1892,14.4,0.591,0.397,0.309,3.4,11.2,7.3,6.6,1.3,2.8,8.0,18.0,2.8,1.6,4.4,0.111,0.1,-0.6,-0.5,0.7,0,grantje01,2019,203924.0
80.0,Andrew Wiggins,24.0,MIN,SF,42,42,1455,16.1,0.535,0.348,0.262,3.4,12.9,7.9,18.1,0.9,2.1,10.8,28.0,0.6,0.8,1.4,0.046,1.1,-1.5,-0.4,0.6,0,wiggian01,2019,203952.0
86.0,Danilo Gallinari,31.0,OKC,PF,62,62,1834,19.5,0.612,0.537,0.365,2.1,16.8,9.7,10.3,1.1,0.2,7.4,24.6,4.5,1.9,6.3,0.166,4.1,-0.9,3.3,2.4,0,gallida01,2019,201568.0
96.0,Gary Harris,25.0,DEN,SG,56,55,1780,9.7,0.519,0.405,0.177,1.6,8.6,5.1,8.9,2.1,0.7,9.7,15.1,0.5,1.4,1.9,0.052,-2.8,0.3,-2.5,-0.2,0,harriga01,2019,203914.0
106.0,Kemba Walker,29.0,BOS,PG,56,56,1742,20.0,0.575,0.532,0.272,2.2,11.0,6.7,24.2,1.3,1.5,10.5,27.2,3.9,2.0,5.9,0.162,4.9,-0.3,4.6,2.9,AS,walkeke02,2019,202689.0
107.0,Gordon Hayward,29.0,BOS,SF,52,52,1740,18.1,0.595,0.317,0.207,3.4,17.8,10.7,18.7,1.1,1.2,11.2,21.1,3.5,2.2,5.7,0.158,2.6,0.1,2.7,2.0,0,haywago01,2019,202330.0
111.0,RJ Barrett,19.0,NYK,SG,56,55,1704,10.7,0.479,0.271,0.349,3.0,14.8,8.7,12.8,1.6,0.9,12.9,24.0,-1.6,1.1,-0.5,-0.015,-2.9,-1.5,-4.3,-1.0,ROY-8,barrerj01,2019,1629628.0
117.0,Steven Adams,26.0,OKC,C,63,63,1680,20.5,0.604,0.006,0.421,14.0,24.0,19.2,13.2,1.5,3.4,14.2,17.3,3.8,2.7,6.5,0.185,1.9,1.1,2.9,2.1,0,adamsst01,2019,203500.0
125.0,Monte Morris,24.0,DEN,PG,73,12,1636,14.9,0.545,0.304,0.157,1.6,7.7,4.7,22.1,1.7,1.0,8.1,17.5,2.7,1.1,3.8,0.112,0.4,-0.5,-0.2,0.7,0,morrimo01,2019,1628420.0
140.0,Daniel Theis,27.0,BOS,C,65,64,1566,17.9,0.631,0.225,0.268,9.7,19.3,14.6,10.1,1.1,5.0,10.2,14.4,4.0,2.6,6.5,0.201,0.6,1.8,2.4,1.7,0,theisda01,2019,1628464.0
143.0,Josh Okogie,21.0,MIN,SG,62,28,1547,11.5,0.553,0.387,0.48,5.7,12.8,9.1,8.9,2.0,1.4,15.3,15.1,0.9,1.2,2.2,0.068,-2.4,0.0,-2.4,-0.2,0,okogijo01,2019,1629006.0
148.0,Jarrett Culver,20.0,MIN,SG,63,35,1506,9.6,0.467,0.388,0.206,4.7,10.3,7.4,10.8,1.8,2.1,11.5,19.2,-1.2,1.1,-0.1,-0.004,-3.3,-0.7,-4.0,-0.8,0,culveja01,2019,1629633.0
155.0,Jeff Teague,31.0,MIN,PG,34,13,945,15.9,0.578,0.269,0.444,1.6,8.5,4.9,32.5,1.2,1.1,16.4,20.2,1.7,0.4,2.1,0.108,0.6,-1.2,-0.6,0.3,0,teaguje01,2019,201952.0
157.0,D'Angelo Russell,23.0,MIN,PG,12,12,392,17.6,0.553,0.521,0.261,0.8,14.5,7.4,33.1,2.0,0.8,16.4,29.5,0.2,0.3,0.5,0.064,1.8,-1.7,0.1,0.2,0,russeda01,2019,1626156.0
161.0,Maurice Harkless,26.0,NYK,SF,12,10,286,10.1,0.536,0.379,0.364,2.9,12.3,7.5,9.7,1.5,1.0,8.4,12.4,0.2,0.2,0.4,0.069,-3.2,-0.3,-3.5,-0.1,0,harklma01,2019,203090.0
165.0,Mitchell Robinson,21.0,NYK,C,61,7,1412,23.5,0.726,0.0,0.434,13.7,18.8,16.2,3.9,1.8,8.0,8.3,13.3,4.8,2.0,6.8,0.23,1.6,1.4,2.9,1.8,0,robinmi01,2019,1629011.0
166.0,Bobby Portis,24.0,NYK,PF,66,5,1393,14.6,0.53,0.317,0.158,6.0,20.4,12.9,11.1,1.1,1.2,10.4,21.4,0.9,1.0,1.9,0.064,0.0,-1.1,-1.1,0.3,0,portibo01,2019,1626171.0
169.0,Brad Wanamaker,30.0,BOS,PG,71,1,1369,12.8,0.577,0.282,0.376,1.7,9.4,5.6,17.8,2.2,0.9,15.3,15.5,1.8,1.8,3.5,0.124,-1.9,1.3,-0.6,0.5,0,wanambr01,2019,202954.0
172.0,Shabazz Napier,28.0,MIN,PG,36,22,856,13.9,0.539,0.562,0.311,2.0,11.9,6.8,31.3,2.2,0.7,19.1,19.1,0.6,0.6,1.3,0.071,-0.6,-0.2,-0.8,0.3,0,napiesh01,2019,203894.0
195.0,Terrance Ferguson,21.0,OKC,SF,56,38,1257,3.7,0.481,0.764,0.091,2.1,4.4,3.3,5.3,1.0,1.2,11.9,9.1,-0.3,0.9,0.6,0.021,-4.8,0.3,-4.5,-0.8,0,fergute01,2019,1628390.0
199.0,Elfrid Payton,25.0,NYK,PG,45,36,1246,16.0,0.47,0.157,0.195,4.3,14.1,9.1,38.6,2.7,1.3,16.7,19.5,0.5,1.2,1.7,0.065,-0.4,0.4,0.0,0.6,0,paytoel01,2019,203901.0
203.0,Paul Millsap,34.0,DEN,PF,51,48,1240,16.9,0.591,0.283,0.322,8.9,17.6,13.2,9.6,1.8,2.2,12.3,20.0,2.1,1.4,3.5,0.136,0.3,-0.2,0.1,0.7,0,millspa01,2019,200794.0
209.0,Malik Beasley,23.0,DEN,SG,41,0,746,10.5,0.511,0.535,0.126,1.4,10.2,5.8,9.1,2.1,0.7,10.2,20.6,-0.2,0.6,0.5,0.03,-2.2,-0.7,-2.9,-0.2,0,beaslma01,2019,1627736.0
209.0,Malik Beasley,23.0,MIN,SG,14,14,463,16.2,0.591,0.494,0.12,2.0,14.7,8.1,9.8,0.9,0.4,7.9,23.7,0.5,0.2,0.8,0.079,1.7,-2.4,-0.7,0.2,0,beaslma01,2019,1627736.0
212.0,Karl-Anthony Towns,24.0,MIN,C,35,35,1187,26.5,0.642,0.445,0.363,8.1,26.1,16.8,22.8,1.3,2.9,13.2,28.8,3.7,1.3,5.1,0.204,7.0,0.8,7.8,2.9,0,townska01,2019,1626157.0
214.0,Frank Ntilikina,21.0,NYK,PG,57,26,1187,9.8,0.497,0.411,0.177,2.0,9.1,5.4,20.2,2.2,1.3,16.5,15.4,0.1,0.8,0.9,0.037,-3.6,0.4,-3.2,-0.4,0,ntilila01,2019,1628373.0
220.0,Kevin Knox,20.0,NYK,SF,65,4,1166,8.3,0.47,0.496,0.252,2.5,14.7,8.4,7.4,1.0,2.3,9.2,17.8,-0.5,0.7,0.2,0.007,-3.1,-1.1,-4.2,-0.7,0,knoxke01,2019,1628995.0
225.0,Darius Bazley,19.0,OKC,PF,61,9,1130,9.6,0.497,0.445,0.196,3.0,20.5,12.0,5.1,1.0,3.1,11.6,15.1,-0.5,1.5,1.0,0.041,-2.1,0.5,-1.6,0.1,0,bazleda01,2019,1629647.0
227.0,Nerlens Noel,25.0,OKC,C,61,7,1127,20.4,0.711,0.011,0.394,9.2,19.9,14.7,7.6,2.5,6.9,17.3,14.9,2.6,2.3,4.9,0.209,-0.3,3.4,3.1,1.5,0,noelne01,2019,203457.0
230.0,Gorgui Dieng,30.0,MIN,C,46,17,778,17.8,0.563,0.433,0.213,9.5,25.8,17.4,11.1,2.2,4.5,12.7,18.4,0.9,1.1,2.1,0.129,0.3,1.5,1.8,0.7,0,dienggo01,2019,203476.0
233.0,Torrey Craig,29.0,DEN,SF,58,27,1072,10.8,0.553,0.513,0.134,6.6,13.2,9.9,5.9,1.1,3.1,8.1,12.6,1.1,0.9,2.0,0.091,-2.0,-0.3,-2.3,-0.1,0,craigto01,2019,1628470.0
235.0,Mason Plumlee,29.0,DEN,C,61,1,1057,18.8,0.613,0.017,0.538,10.4,23.2,16.8,20.9,1.5,3.3,18.7,18.0,2.0,1.4,3.4,0.153,0.3,1.7,2.0,1.1,0,plumlma01,2019,203486.0
237.0,Grant Williams,21.0,BOS,PF,69,5,1043,7.9,0.505,0.455,0.256,6.1,12.1,9.1,8.5,1.4,3.2,17.6,11.6,0.1,1.4,1.6,0.071,-4.1,1.4,-2.7,-0.2,0,willigr01,2019,1629684.0
241.0,Taj Gibson,34.0,NYK,C,62,56,1025,16.1,0.61,0.049,0.196,11.2,16.7,13.9,7.6,1.3,2.8,13.1,14.8,1.8,0.8,2.6,0.12,-0.8,-0.3,-1.1,0.2,0,gibsota01,2019,201959.0
246.0,Semi Ojeleye,25.0,BOS,PF,69,6,1011,7.7,0.562,0.648,0.163,2.8,12.5,7.7,4.7,1.0,0.5,8.3,9.7,0.8,1.0,1.9,0.088,-2.1,0.4,-1.7,0.1,0,ojelese01,2019,1628400.0
250.0,Enes Freedom,27.0,BOS,C,58,7,983,22.4,0.599,0.02,0.284,18.0,28.9,23.5,8.8,1.1,3.9,12.5,19.4,2.6,1.8,4.4,0.214,1.8,-0.3,1.5,0.9,0,kanteen01,2019,202683.0
261.0,Treveon Graham,26.0,MIN,SF,33,20,663,6.0,0.447,0.474,0.211,4.5,11.7,8.0,6.1,1.2,0.3,9.0,13.1,-0.3,0.3,0.1,0.004,-5.0,-0.8,-5.8,-0.6,0,grahatr01,2019,1626203.0
269.0,Michael Porter Jr.,21.0,DEN,SF,55,8,903,19.8,0.617,0.384,0.188,8.2,23.9,16.1,7.9,1.5,2.6,10.6,22.3,1.8,1.1,2.9,0.154,2.4,-0.8,1.5,0.8,0,portemi01,2019,1629008.0
271.0,Hamidou Diallo,21.0,OKC,SF,46,3,896,9.3,0.491,0.193,0.213,5.6,14.7,10.3,5.9,2.0,0.9,13.6,18.4,-0.7,1.1,0.4,0.022,-4.2,0.3,-3.9,-0.4,0,diallha01,2019,1628977.0
280.0,Abdel Nader,26.0,OKC,SF,55,6,867,11.3,0.591,0.487,0.251,1.8,10.6,6.4,6.4,1.3,2.0,12.8,17.0,0.5,0.9,1.3,0.074,-1.2,0.2,-1.0,0.2,0,naderab01,2019,1627846.0
283.0,Damyean Dotson,25.0,NYK,SG,48,0,836,10.9,0.527,0.562,0.114,1.2,10.6,5.8,10.0,1.3,0.5,6.5,16.5,0.6,0.4,0.9,0.053,-0.9,-0.5,-1.4,0.1,0,dotsoda01,2019,1628422.0
286.0,Juancho Hernangómez,24.0,DEN,PF,34,0,422,6.9,0.442,0.545,0.227,6.4,18.8,12.6,6.7,0.6,1.1,12.9,14.3,-0.2,0.3,0.1,0.007,-4.0,-1.2,-5.2,-0.3,0,hernaju01,2019,1627823.0
286.0,Juancho Hernangómez,24.0,MIN,PF,14,14,411,14.1,0.576,0.504,0.336,4.7,22.1,13.1,6.4,1.6,0.8,8.2,17.1,0.5,0.4,0.8,0.098,-0.4,-1.0,-1.5,0.1,0,hernaju01,2019,1627823.0
289.0,Luguentz Dort,20.0,OKC,SF,36,28,820,7.6,0.506,0.463,0.243,3.3,7.5,5.5,4.6,1.8,0.4,8.4,14.1,0.1,0.8,0.8,0.049,-4.1,0.4,-3.7,-0.4,0,dortlu01,2019,1629652.0
294.0,Jordan McRae,28.0,DEN,SG,4,0,32,16.7,0.58,0.667,0.667,3.5,14.0,8.8,15.6,3.1,2.9,0.0,10.5,0.1,0.0,0.1,0.201,1.1,1.4,2.5,0.0,0,mcraejo01,2019,203895.0
301.0,Keita Bates-Diop,24.0,MIN,PF,37,0,646,12.5,0.535,0.456,0.316,3.3,15.1,9.0,6.7,1.2,2.6,5.6,15.8,0.6,0.5,1.0,0.077,-0.8,-0.1,-0.9,0.2,0,bateske01,2019,1628966.0
301.0,Keita Bates-Diop,24.0,DEN,SF,7,0,98,12.1,0.571,0.321,0.357,4.6,14.8,9.7,0.0,1.0,3.8,8.5,15.7,0.1,0.1,0.2,0.084,-2.2,-2.8,-5.0,-0.1,0,bateske01,2019,1628966.0
309.0,Reggie Bullock,28.0,NYK,SG,29,19,684,9.3,0.502,0.496,0.094,2.0,8.8,5.3,8.8,1.8,0.4,7.5,15.6,0.2,0.3,0.5,0.036,-2.8,-0.3,-3.0,-0.2,0,bullore01,2019,203493.0
316.0,Allen Crabbe,27.0,MIN,SF,9,0,131,1.1,0.416,0.765,0.059,0.8,9.2,4.8,5.1,0.0,0.0,12.5,12.5,-0.2,0.0,-0.2,-0.068,-6.4,-3.3,-9.7,-0.3,0,crabbal01,2019,203459.0
318.0,James Johnson,32.0,MIN,C,14,1,338,17.9,0.588,0.359,0.266,5.1,15.9,10.3,24.4,2.6,4.7,18.8,21.4,0.3,0.4,0.8,0.109,0.1,1.5,1.6,0.3,0,johnsja01,2019,201949.0
323.0,Jordan McLaughlin,23.0,MIN,PG,30,2,590,16.3,0.587,0.427,0.219,1.2,7.8,4.4,31.0,2.7,0.6,13.7,15.8,1.1,0.4,1.6,0.13,0.3,0.0,0.3,0.3,0,mclaujo01,2019,1629162.0
325.0,Mike Muscala,28.0,OKC,C,47,2,572,12.5,0.569,0.757,0.116,3.2,17.3,10.4,10.1,0.8,1.8,7.9,16.6,0.7,0.6,1.3,0.107,0.1,-0.2,-0.1,0.3,0,muscami01,2019,203488.0
329.0,Wayne Ellington,32.0,NYK,SG,36,1,558,8.5,0.509,0.822,0.075,0.7,12.0,6.2,11.0,1.1,0.7,9.1,15.0,0.2,0.2,0.4,0.035,-1.9,-1.0,-2.9,-0.1,0,ellinwa01,2019,201961.0
330.0,Dennis Smith Jr.,22.0,NYK,PG,34,3,537,7.4,0.399,0.256,0.251,4.1,11.7,7.7,26.4,2.5,1.4,19.8,23.1,-1.4,0.5,-0.9,-0.079,-5.2,-0.9,-6.1,-0.6,0,smithde03,2019,1628372.0
331.0,Troy Daniels,28.0,DEN,SG,6,0,76,5.3,0.464,0.714,0.0,0.0,8.8,4.4,5.4,2.0,0.0,9.7,17.7,-0.1,0.1,0.0,-0.025,-4.8,-2.4,-7.2,-0.1,0,danietr01,2019,203584.0
338.0,Jake Layman,25.0,MIN,SF,23,2,505,10.3,0.544,0.402,0.179,3.4,8.7,6.0,4.4,1.6,1.6,11.1,17.7,0.0,0.3,0.3,0.03,-2.8,-0.9,-3.7,-0.2,0,laymaja01,2019,1627774.0
340.0,Naz Reid,20.0,MIN,C,30,11,495,15.3,0.505,0.399,0.218,7.0,19.9,13.2,11.2,1.8,3.7,7.6,24.0,0.2,0.6,0.8,0.074,-1.6,-0.3,-1.9,0.0,0,reidna01,2019,1629675.0
341.0,Kelan Martin,24.0,MIN,SF,31,4,495,9.2,0.506,0.53,0.171,2.5,18.6,10.2,6.8,0.7,1.5,9.3,17.8,-0.1,0.3,0.2,0.023,-3.3,-1.0,-4.3,-0.3,0,martike03,2019,1629103.0
350.0,Javonte Green,26.0,BOS,SG,48,2,468,13.1,0.564,0.262,0.333,5.6,15.6,10.6,7.7,2.5,1.6,13.7,15.3,0.4,0.8,1.1,0.113,-2.1,1.4,-0.7,0.2,0,greenja02,2019,1629750.0
361.0,Jacob Evans,22.0,MIN,SG,2,0,4,-9.6,0.0,1.0,0.0,0.0,0.0,0.0,0.0,0.0,0.0,0.0,10.3,0.0,0.0,0.0,-0.263,-10.5,-5.6,-16.1,0.0,0,evansja02,2019,1628980.0
363.0,PJ Dozier,23.0,DEN,SG,29,0,412,11.6,0.495,0.312,0.185,2.7,12.2,7.5,21.6,1.7,1.3,13.7,20.8,0.0,0.4,0.4,0.044,-2.5,-1.2,-3.8,-0.2,0,doziepj01,2019,1628408.0
365.0,Robert Williams,22.0,BOS,C,29,1,388,23.1,0.728,0.0,0.386,11.2,24.0,17.7,10.1,2.7,8.4,16.9,13.6,1.1,1.0,2.0,0.253,0.8,4.3,5.1,0.7,0,williro04,2019,1629057.0
369.0,Noah Vonleh,24.0,MIN,C,29,1,347,15.3,0.605,0.163,0.326,10.0,25.9,17.6,10.8,1.5,1.4,16.2,13.9,0.5,0.4,0.9,0.124,-1.5,0.4,-1.0,0.1,0,vonleno01,2019,203943.0
369.0,Noah Vonleh,24.0,DEN,C,7,0,30,17.6,0.838,0.167,0.667,11.2,18.6,14.9,9.5,0.0,0.0,20.5,14.1,0.1,0.0,0.1,0.166,1.3,-1.9,-0.6,0.0,0,vonleno01,2019,203943.0
371.0,Romeo Langford,20.0,BOS,SG,32,2,370,5.4,0.434,0.338,0.313,4.4,7.4,5.9,4.5,1.0,2.0,10.8,11.8,-0.2,0.4,0.2,0.025,-4.7,-0.3,-4.9,-0.3,0,langfro01,2019,1629641.0
377.0,Deonte Burton,26.0,OKC,SF,39,0,356,4.3,0.396,0.424,0.112,2.2,15.1,8.8,6.8,1.0,2.4,12.7,18.5,-0.9,0.4,-0.5,-0.067,-6.3,-0.5,-6.8,-0.4,0,burtode02,2019,1629126.0
380.0,Carsen Edwards,21.0,BOS,SG,37,0,351,6.9,0.444,0.594,0.148,1.9,12.4,7.2,9.3,1.7,1.1,9.9,18.4,-0.3,0.4,0.1,0.014,-4.4,-0.2,-4.6,-0.2,0,edwarca01,2019,1629035.0
392.0,Allonzo Trier,24.0,NYK,SG,24,1,291,14.5,0.62,0.5,0.406,2.1,8.7,5.3,14.8,0.5,1.3,15.0,21.4,0.5,0.1,0.5,0.087,1.0,-1.4,-0.4,0.1,0,trieral01,2019,1629019.0
403.0,Jordan Bell,25.0,MIN,C,27,0,235,14.1,0.57,0.15,0.483,12.1,23.3,17.5,8.6,0.4,3.5,19.8,15.9,0.2,0.2,0.4,0.072,-1.5,-1.1,-2.6,0.0,0,belljo01,2019,1628395.0
428.0,Jaylen Nowell,20.0,MIN,SG,15,0,151,10.5,0.471,0.491,0.321,2.0,7.3,4.5,17.8,0.9,0.6,4.7,17.3,0.1,0.0,0.2,0.051,-2.9,-0.8,-3.8,-0.1,0,nowelja01,2019,1629669.0
437.0,Vincent Poirier,26.0,BOS,C,22,0,130,12.7,0.525,0.056,0.194,10.8,24.4,17.7,8.5,0.7,6.4,17.0,15.4,0.1,0.2,0.3,0.113,-4.8,1.0,-3.8,-0.1,0,poirivi01,2019,1629738.0
440.0,Tremont Waters,22.0,BOS,PG,11,1,119,4.3,0.381,0.49,0.163,0.0,10.7,5.4,18.3,4.1,1.6,22.2,24.2,-0.5,0.2,-0.3,-0.103,-8.5,1.0,-7.5,-0.2,0,watertr01,2019,1629682.0
443.0,Kadeem Allen,27.0,NYK,PG,10,0,117,14.0,0.512,0.364,0.25,1.8,6.6,4.1,27.0,2.1,1.6,14.1,20.6,0.1,0.1,0.1,0.053,-0.3,-0.7,-0.9,0.0,0,allenka01,2019,1628443.0
453.0,Bol Bol,20.0,DEN,PF,7,0,87,14.4,0.617,0.321,0.357,6.4,18.0,12.2,9.8,1.1,6.4,23.6,21.2,0.0,0.1,0.1,0.063,-2.3,-0.7,-3.0,0.0,0,bolbo01,2019,1629626.0
455.0,Andre Roberson,28.0,OKC,SF,7,0,87,5.4,0.335,0.483,0.069,9.2,24.7,17.1,6.3,0.6,3.0,6.3,16.1,-0.1,0.1,0.0,-0.017,-5.2,-0.2,-5.4,-0.1,0,roberan03,2019,203460.0
459.0,Devon Hall,24.0,OKC,PG,11,0,81,3.1,0.298,0.567,0.267,2.8,6.6,4.8,21.3,2.4,1.1,13.0,20.9,-0.3,0.1,-0.2,-0.116,-6.0,-0.7,-6.7,-0.1,0,hallde01,2019,1628985.0
469.0,Tyler Cook,22.0,DEN,SF,2,0,19,11.3,0.694,0.0,1.0,11.8,11.8,11.8,0.0,5.2,0.0,41.0,11.2,0.0,0.0,0.0,0.069,-4.4,-0.4,-4.8,0.0,0,cookty01,2019,1629076.0
471.0,Ignas Brazdeikis,21.0,NYK,SF,9,0,53,3.2,0.351,0.409,0.227,3.9,6.2,5.0,10.6,0.0,1.8,7.6,21.0,-0.1,0.0,-0.1,-0.108,-5.1,-3.9,-9.0,-0.1,0,brazdig01,2019,1629649.0
474.0,Kevin Hervey,23.0,OKC,PF,10,0,52,5.0,0.315,0.741,0.0,2.2,22.7,12.7,13.9,0.9,1.7,0.0,22.8,-0.2,0.1,-0.1,-0.085,-4.0,-1.1,-5.1,0.0,0,herveke01,2019,1628987.0
483.0,Jarred Vanderbilt,20.0,DEN,PF,9,0,41,7.2,0.714,0.0,0.0,8.2,13.6,10.9,6.6,3.6,2.3,50.0,14.8,-0.1,0.1,0.0,-0.042,-7.3,0.9,-6.4,0.0,0,vandeja01,2019,1629020.0
483.0,Jarred Vanderbilt,20.0,MIN,PF,2,0,5,11.1,0.532,1.0,2.0,0.0,21.9,10.6,0.0,0.0,0.0,0.0,15.5,0.0,0.0,0.0,0.104,-2.8,-2.8,-5.6,0.0,0,vandeja01,2019,1629020.0
485.0,Vlatko Čančar,22.0,DEN,PF,14,0,45,11.4,0.507,0.4,0.267,12.5,12.4,12.4,9.1,1.1,2.1,15.2,19.1,0.0,0.0,0.1,0.062,-3.6,-1.2,-4.8,0.0,0,cancavl01,2019,1628427.0
494.0,Tacko Fall,24.0,BOS,C,7,0,33,28.4,0.751,0.0,0.214,3.3,44.9,24.3,5.8,1.5,11.2,16.4,23.7,0.1,0.1,0.2,0.223,0.4,6.0,6.5,0.1,0,fallta01,2019,1629605.0
506.0,Justin Patton,22.0,OKC,C,5,0,24,4.7,0.45,0.4,0.0,4.7,17.9,11.5,12.6,0.0,0.0,16.7,22.0,-0.1,0.0,0.0,-0.063,-6.8,-3.3,-10.1,0.0,0,pattoju01,2019,1628383.0
520.0,Isaiah Roby,21.0,OKC,PF,3,0,11,-7.7,0.0,0.0,0.0,0.0,19.5,10.0,0.0,0.0,0.0,50.0,8.0,-0.1,0.0,0.0,-0.188,-12.0,-3.4,-15.4,0.0,0,robyis01,2019,1629676.0
1.0,Julius Randle,26.0,NYK,PF,71,71,2667,19.7,0.567,0.294,0.325,3.5,25.7,14.7,27.2,1.2,0.6,13.8,29.3,3.4,4.3,7.8,0.14,2.9,0.9,3.8,3.9,MVP-8MIP-1ASNBA2,randlju01,2020,203944.0
2.0,RJ Barrett,20.0,NYK,SG,72,72,2511,13.4,0.535,0.292,0.26,3.0,14.8,8.9,13.8,1.1,0.8,10.5,23.4,0.9,3.1,4.1,0.078,-0.9,-0.3,-1.2,0.5,0,barrerj01,2020,1629628.0
3.0,Nikola Jokić,25.0,DEN,C,72,72,2488,31.3,0.647,0.183,0.305,9.4,26.1,17.8,40.4,1.9,1.9,13.1,29.6,12.2,3.4,15.6,0.301,9.1,3.0,12.1,8.8,MVP-1ASNBA1,jokicni01,2020,203999.0
11.0,Anthony Edwards,19.0,MIN,SG,72,55,2314,13.9,0.523,0.429,0.225,2.7,13.5,7.9,14.6,1.7,1.3,10.7,27.0,-0.6,1.4,0.8,0.017,-0.4,-1.7,-2.1,-0.1,ROY-2,edwaran01,2020,1630162.0
12.0,Jayson Tatum,22.0,BOS,SF,64,64,2290,21.3,0.576,0.368,0.258,2.4,20.7,11.5,20.3,1.6,1.3,10.4,30.8,4.1,2.5,6.5,0.137,4.2,-0.3,3.9,3.4,AS,tatumja01,2020,1628369.0
48.0,Jaylen Brown,24.0,BOS,SG,58,58,1999,19.9,0.586,0.37,0.225,3.9,15.5,9.7,16.5,1.8,1.5,11.5,29.7,2.8,2.0,4.8,0.115,3.2,-0.7,2.5,2.3,AS,brownja02,2020,1627759.0
58.0,Reggie Bullock,29.0,NYK,SF,65,64,1949,11.1,0.606,0.709,0.098,0.9,11.4,6.2,7.4,1.3,0.5,7.1,14.4,2.3,2.3,4.6,0.114,-0.9,0.8,-0.1,0.9,0,bullore01,2020,203493.0
63.0,Michael Porter Jr.,22.0,DEN,SF,61,54,1912,20.6,0.663,0.468,0.164,5.4,20.9,13.2,5.6,1.0,2.8,8.1,21.7,4.8,2.1,6.9,0.173,4.0,-0.9,3.1,2.5,0,portemi01,2020,1629008.0
90.0,Théo Maledon,19.0,OKC,PG,65,49,1778,8.2,0.489,0.51,0.22,1.4,11.0,6.2,18.8,1.5,0.5,17.3,19.4,-1.9,1.1,-0.8,-0.021,-4.0,-1.0,-5.0,-1.3,0,maledth01,2020,1630177.0
92.0,Ricky Rubio,30.0,MIN,PG,68,51,1772,13.5,0.516,0.43,0.301,1.6,12.4,6.8,33.3,2.6,0.2,16.4,16.0,1.9,1.3,3.1,0.085,-1.9,0.0,-1.9,0.0,0,rubiori01,2020,201937.0
100.0,Will Barton,30.0,DEN,SF,56,52,1736,11.8,0.538,0.423,0.199,2.6,12.2,7.4,14.1,1.4,1.3,12.7,19.0,0.7,1.5,2.2,0.061,-1.0,-0.8,-1.9,0.1,0,bartowi01,2020,203115.0
101.0,Darius Bazley,20.0,OKC,PF,55,55,1714,9.7,0.491,0.414,0.258,3.1,21.2,12.0,8.9,0.8,1.3,13.7,22.1,-2.3,1.4,-0.9,-0.026,-3.1,-1.3,-4.4,-1.0,0,bazleda01,2020,1629647.0
102.0,Jamal Murray,23.0,DEN,PG,48,48,1704,18.3,0.592,0.399,0.193,2.5,10.4,6.5,20.3,1.9,0.7,11.2,24.8,3.1,1.5,4.6,0.129,2.7,-0.7,2.0,1.7,0,murraja01,2020,1627750.0
105.0,Karl-Anthony Towns,25.0,MIN,C,50,50,1689,23.1,0.612,0.36,0.355,8.2,26.4,17.0,22.6,1.1,2.9,13.7,29.1,3.8,1.6,5.4,0.153,4.3,0.2,4.5,2.8,0,townska01,2020,1626157.0
119.0,Daniel Theis,28.0,BOS,C,42,37,1027,15.0,0.625,0.33,0.233,5.8,18.1,11.9,9.3,1.2,3.9,11.4,15.0,1.7,1.2,2.9,0.134,-0.6,1.0,0.4,0.6,0,theisda01,2020,1628464.0
122.0,Marcus Smart,26.0,BOS,PG,48,45,1581,13.8,0.539,0.553,0.318,2.5,9.3,5.9,23.6,2.2,1.4,14.2,18.4,1.8,1.5,3.3,0.1,-0.4,0.2,-0.3,0.7,0,smartma01,2020,203935.0
126.0,Nerlens Noel,26.0,NYK,C,64,41,1547,14.8,0.638,0.013,0.314,10.1,18.4,14.3,4.1,2.3,8.7,20.4,9.2,1.6,3.6,5.2,0.162,-2.4,3.8,1.4,1.3,0,noelne01,2020,203457.0
128.0,Luguentz Dort,21.0,OKC,SG,52,52,1543,10.1,0.513,0.515,0.257,2.5,10.3,6.4,8.8,1.4,1.1,10.0,21.7,-0.6,1.0,0.3,0.011,-2.6,-0.9,-3.5,-0.6,0,dortlu01,2020,1629652.0
134.0,Jaden McDaniels,20.0,MIN,PF,63,27,1511,8.9,0.552,0.54,0.123,3.6,13.4,8.3,6.4,1.1,3.4,10.8,12.0,0.5,0.9,1.4,0.046,-3.3,-0.2,-3.5,-0.6,0,mcdanja02,2020,1630183.0
142.0,Elfrid Payton,26.0,NYK,PG,63,63,1484,11.7,0.478,0.158,0.172,4.7,11.0,7.9,21.6,1.6,0.6,13.3,23.2,-0.9,1.9,1.0,0.032,-2.9,-0.1,-3.0,-0.4,0,paytoel01,2020,203901.0
153.0,Kenrich Williams,26.0,OKC,PF,66,13,1426,14.0,0.599,0.285,0.153,6.1,14.0,10.0,16.4,1.8,1.1,14.8,15.3,1.6,1.2,2.8,0.096,-1.2,0.5,-0.7,0.4,0,willike04,2020,1629026.0
154.0,Isaiah Roby,22.0,OKC,PF,61,34,1425,11.9,0.555,0.254,0.273,6.4,18.6,12.4,11.4,1.7,2.3,19.0,17.7,-0.3,1.5,1.3,0.043,-3.7,0.4,-3.3,-0.5,0,robyis01,2020,1629676.0
155.0,Facundo Campazzo,29.0,DEN,PG,65,19,1425,11.6,0.558,0.686,0.289,1.8,8.9,5.3,20.2,2.7,1.0,17.1,13.1,1.6,1.5,3.1,0.105,-1.7,1.2,-0.6,0.5,6MOY-15,campafa01,2020,1630267.0
160.0,Aaron Gordon,25.0,DEN,PF,25,25,648,14.1,0.564,0.311,0.214,6.7,13.9,10.3,11.8,1.3,2.1,11.7,17.2,0.7,0.6,1.3,0.099,-0.1,-0.3,-0.4,0.3,0,gordoaa01,2020,203932.0
163.0,Kemba Walker,30.0,BOS,PG,43,43,1369,17.7,0.559,0.522,0.22,1.3,12.6,6.9,23.8,1.7,0.8,10.6,26.1,2.1,1.1,3.3,0.115,2.8,-0.7,2.1,1.4,0,walkeke02,2020,202689.0
170.0,Naz Reid,21.0,MIN,C,70,15,1347,18.2,0.599,0.299,0.286,6.4,20.0,12.9,8.7,1.2,4.9,9.5,22.5,1.9,1.3,3.2,0.113,-0.1,-0.2,-0.2,0.6,0,reidna01,2020,1629675.0
178.0,Svi Mykhailiuk,23.0,OKC,SF,30,9,690,10.6,0.531,0.505,0.071,1.9,11.6,6.7,12.3,1.7,0.8,14.4,21.0,-0.5,0.5,-0.1,-0.004,-2.2,-1.1,-3.3,-0.2,0,mykhasv01,2020,1629004.0
186.0,Tristan Thompson,29.0,BOS,C,54,43,1287,14.2,0.54,0.009,0.368,14.5,23.5,19.0,7.2,0.9,2.4,14.1,14.8,1.5,1.4,2.9,0.107,-1.5,-1.0,-2.5,-0.2,0,thomptr01,2020,202684.0
187.0,Derrick Rose,32.0,NYK,PG,35,3,937,18.8,0.565,0.211,0.18,1.6,10.0,5.9,26.3,1.7,1.5,9.6,24.3,1.5,1.2,2.8,0.142,1.9,0.5,2.4,1.0,0,rosede01,2020,201565.0
189.0,Payton Pritchard,23.0,BOS,SG,66,4,1268,12.4,0.582,0.593,0.108,2.9,11.1,6.9,13.3,1.4,0.7,10.8,16.7,1.6,0.9,2.5,0.095,-0.3,-0.4,-0.7,0.4,0,pritcpa01,2020,1630202.0
192.0,Evan Fournier,28.0,BOS,SF,16,10,472,14.1,0.584,0.552,0.081,1.2,11.4,6.3,14.9,2.1,2.0,9.6,18.0,0.6,0.5,1.1,0.111,0.1,0.1,0.3,0.3,0,fournev01,2020,203095.0
194.0,Alec Burks,29.0,NYK,SG,49,5,1255,14.8,0.564,0.492,0.236,1.8,17.6,9.8,13.2,1.2,1.1,8.2,21.3,1.5,1.8,3.3,0.126,0.9,0.6,1.5,1.1,0,burksal01,2020,202692.0
196.0,Immanuel Quickley,21.0,NYK,PG,64,3,1243,15.8,0.557,0.522,0.3,2.2,9.7,6.0,16.2,1.2,0.9,8.1,25.6,1.8,1.4,3.2,0.125,1.4,-0.5,0.9,0.9,0,quickim01,2020,1630193.0
200.0,Hamidou Diallo,22.0,OKC,SG,32,5,761,15.0,0.536,0.138,0.444,5.0,17.7,11.3,16.4,1.9,1.4,12.1,22.5,0.3,0.8,1.0,0.065,-2.1,0.6,-1.5,0.1,0,diallha01,2020,1628977.0
204.0,Malik Beasley,24.0,MIN,SG,37,36,1214,14.6,0.57,0.535,0.133,2.4,12.4,7.2,11.6,1.2,0.5,8.6,24.0,0.9,0.4,1.3,0.053,1.6,-1.8,-0.2,0.6,0,beaslma01,2020,1627736.0
207.0,Josh Okogie,22.0,MIN,SG,59,37,1197,9.1,0.524,0.425,0.425,5.5,8.7,7.1,7.0,2.1,2.0,12.5,12.1,0.5,0.8,1.3,0.051,-3.7,0.3,-3.3,-0.4,0,okogijo01,2020,1629006.0
208.0,D'Angelo Russell,24.0,MIN,PG,42,26,1196,17.6,0.555,0.475,0.229,1.4,8.9,5.0,33.6,1.8,1.3,13.5,29.1,1.0,0.6,1.6,0.063,3.3,-1.7,1.6,1.1,0,russeda01,2020,1626156.0
210.0,Monte Morris,25.0,DEN,PG,47,13,1196,14.0,0.574,0.346,0.189,1.0,8.0,4.6,17.1,1.4,1.1,7.5,16.5,2.0,0.8,2.9,0.115,0.1,-0.5,-0.3,0.5,0,morrimo01,2020,1628420.0
212.0,Shai Gilgeous-Alexander,22.0,OKC,SG,35,35,1180,21.6,0.623,0.301,0.405,1.7,13.1,7.3,31.2,1.1,1.7,13.7,27.8,2.7,0.8,3.5,0.143,3.9,0.2,4.1,1.8,0,gilgesh01,2020,1628983.0
215.0,Paul Millsap,35.0,DEN,PF,56,36,1162,16.4,0.565,0.357,0.244,7.4,18.1,12.8,11.6,2.2,3.0,10.3,18.6,1.7,1.6,3.2,0.133,0.3,0.7,1.0,0.9,0,millspa01,2020,200794.0
219.0,Jarred Vanderbilt,21.0,MIN,PF,64,30,1139,16.2,0.612,0.021,0.432,10.8,24.7,17.5,9.3,2.7,3.5,15.9,12.3,1.6,1.5,3.1,0.132,-1.4,1.4,-0.1,0.5,0,vandeja01,2020,1629020.0
220.0,Grant Williams,22.0,BOS,PF,63,9,1138,7.5,0.546,0.522,0.206,4.7,12.8,8.7,7.4,1.4,2.0,17.2,12.3,0.1,1.0,1.1,0.046,-4.0,0.3,-3.7,-0.5,0,willigr01,2020,1629684.0
224.0,JaMychal Green,30.0,DEN,PF,58,5,1120,13.6,0.59,0.529,0.152,8.6,19.4,14.0,6.4,1.1,1.9,11.7,17.6,1.4,1.2,2.6,0.11,-0.5,-1.0,-1.5,0.1,0,greenja01,2020,203210.0
229.0,Aleksej Pokusevski,19.0,OKC,PF,45,28,1090,6.1,0.43,0.507,0.103,2.8,17.6,10.1,13.1,0.9,3.4,18.8,20.5,-2.9,1.0,-1.9,-0.084,-5.1,-1.0,-6.1,-1.1,0,pokusal01,2020,1630197.0
230.0,PJ Dozier,24.0,DEN,SG,50,6,1088,10.4,0.501,0.42,0.186,3.7,15.3,9.5,11.2,1.4,2.0,10.7,17.2,0.1,1.1,1.1,0.051,-2.3,-0.4,-2.6,-0.2,0,doziepj01,2020,1628408.0
233.0,Gary Harris,26.0,DEN,SG,19,19,581,9.3,0.544,0.481,0.192,2.5,6.6,4.6,7.1,1.4,0.7,7.6,13.8,0.4,0.4,0.8,0.065,-2.2,-0.6,-2.8,-0.1,0,harriga01,2020,203914.0
256.0,Robert Williams,23.0,BOS,C,52,13,985,25.7,0.719,0.008,0.283,14.9,25.6,20.2,14.2,2.1,8.6,15.2,15.0,3.4,1.9,5.3,0.258,2.9,3.1,6.0,2.0,0,williro04,2020,1629057.0
263.0,Semi Ojeleye,26.0,BOS,PF,56,15,950,8.3,0.553,0.715,0.145,3.6,13.7,8.6,5.1,0.9,0.0,8.2,11.6,0.7,0.6,1.2,0.063,-1.7,-0.7,-2.4,-0.1,0,ojelese01,2020,1628400.0
264.0,Jeff Teague,32.0,BOS,PG,34,5,616,11.4,0.542,0.298,0.324,1.8,8.6,5.2,16.2,2.1,1.1,15.4,17.7,0.3,0.5,0.8,0.062,-2.4,-0.3,-2.7,-0.1,0,teaguje01,2020,201952.0
266.0,Jordan McLaughlin,24.0,MIN,PG,51,2,938,12.0,0.502,0.38,0.124,2.3,10.4,6.2,28.0,2.6,0.6,16.7,13.7,0.6,0.6,1.2,0.062,-2.0,0.2,-1.7,0.1,0,mclaujo01,2020,1629162.0
267.0,Taj Gibson,35.0,NYK,C,45,3,936,16.0,0.661,0.095,0.348,11.6,17.3,14.5,5.4,1.7,5.0,10.8,9.7,2.1,1.7,3.8,0.195,-0.7,2.1,1.3,0.8,0,gibsota01,2020,201959.0
272.0,Moses Brown,21.0,OKC,C,43,32,920,18.8,0.572,0.0,0.47,17.2,26.2,21.6,1.7,1.6,4.5,11.7,16.9,1.3,1.3,2.6,0.138,-1.3,-1.2,-2.4,-0.1,0,brownmo01,2020,1629650.0
280.0,Juancho Hernangómez,25.0,MIN,PF,52,6,900,12.1,0.549,0.562,0.324,5.2,20.0,12.3,5.6,1.0,0.7,7.3,17.2,0.6,0.5,1.1,0.06,-1.1,-1.8,-2.9,-0.2,0,hernaju01,2020,1627823.0
281.0,R.J. Hampton,19.0,DEN,SG,25,0,233,7.7,0.49,0.3,0.2,4.9,19.4,12.2,7.7,1.1,0.8,14.4,14.3,-0.1,0.2,0.1,0.03,-4.4,-0.9,-5.3,-0.2,0,hamptrj01,2020,1630181.0
287.0,Mitchell Robinson,22.0,NYK,C,31,29,853,17.7,0.642,0.0,0.301,14.5,17.5,16.0,2.9,2.1,5.0,11.5,11.8,1.8,1.7,3.4,0.192,-0.3,1.5,1.2,0.7,0,robinmi01,2020,1629011.0
291.0,Austin Rivers,28.0,NYK,SG,21,2,442,9.5,0.545,0.57,0.104,1.2,10.2,5.8,13.9,1.4,0.0,13.5,16.5,0.1,0.5,0.6,0.063,-2.4,0.2,-2.2,0.0,0,riverau01,2020,203085.0
291.0,Austin Rivers,28.0,DEN,SG,15,5,403,10.3,0.558,0.655,0.155,0.8,9.0,4.9,12.5,2.2,0.5,10.6,14.2,0.3,0.4,0.7,0.081,-2.1,0.4,-1.7,0.0,0,riverau01,2020,203085.0
302.0,Ty Jerome,23.0,OKC,SG,33,1,788,13.4,0.585,0.585,0.118,1.3,10.8,6.0,23.7,1.2,0.7,13.5,18.8,0.9,0.4,1.3,0.079,0.1,-0.8,-0.7,0.3,0,jeromty01,2020,1629660.0
303.0,Al Horford,34.0,OKC,C,28,28,782,17.4,0.538,0.422,0.061,3.8,21.4,12.5,20.1,1.5,2.9,7.3,21.6,0.8,0.9,1.6,0.101,2.0,1.4,3.4,1.1,0,horfoal01,2020,201143.0
309.0,Jaylen Nowell,21.0,MIN,SG,42,0,759,12.3,0.528,0.448,0.164,2.6,11.3,6.8,12.5,1.4,1.4,7.2,21.4,0.3,0.4,0.7,0.044,-1.5,-1.4,-2.8,-0.2,0,nowelja01,2020,1629669.0
317.0,Moritz Wagner,23.0,BOS,C,9,1,61,-1.0,0.37,0.429,0.143,5.4,29.4,17.3,12.4,0.0,1.5,37.7,16.9,-0.2,0.1,-0.2,-0.146,-10.0,-0.3,-10.3,-0.1,0,wagnemo01,2020,1629021.0
324.0,Tony Bradley,23.0,OKC,C,22,0,397,20.4,0.676,0.016,0.361,11.9,23.6,17.7,8.3,1.1,3.8,16.0,18.0,0.8,0.5,1.3,0.154,0.4,-0.5,-0.2,0.2,0,bradlto01,2020,1628396.0
325.0,Obi Toppin,22.0,NYK,PF,62,0,683,12.7,0.574,0.407,0.124,4.2,17.6,11.0,6.4,1.2,2.1,9.4,15.9,0.5,1.0,1.5,0.109,-1.4,0.7,-0.7,0.2,0,toppiob01,2020,1630167.0
328.0,JaVale McGee,33.0,DEN,C,13,1,175,12.9,0.498,0.06,0.179,15.0,29.7,22.4,4.8,0.8,7.8,17.2,21.8,-0.1,0.3,0.2,0.05,-6.4,-0.3,-6.6,-0.2,0,mcgeeja01,2020,201580.0
330.0,George Hill,34.0,OKC,PG,14,14,369,15.9,0.63,0.475,0.208,2.2,6.0,4.1,18.2,1.5,0.5,8.4,16.5,0.8,0.2,1.0,0.129,0.9,0.1,1.0,0.3,0,hillge01,2020,201588.0
332.0,Aaron Nesmith,21.0,BOS,SF,46,1,669,9.4,0.573,0.607,0.157,4.6,16.6,10.6,4.6,1.1,1.3,10.8,13.7,0.5,0.6,1.1,0.076,-2.8,-0.4,-3.2,-0.2,0,nesmiaa01,2020,1630174.0
334.0,Gary Clark,26.0,DEN,SF,2,0,4,2.9,0.0,0.0,0.0,0.0,28.2,14.2,0.0,0.0,0.0,0.0,0.0,0.0,0.0,0.0,0.037,-4.4,-2.0,-6.4,0.0,0,clarkga01,2020,1629109.0
335.0,Mike Muscala,29.0,OKC,C,35,0,645,14.7,0.599,0.689,0.135,3.0,18.4,10.6,7.0,0.6,1.5,6.9,20.0,0.9,0.4,1.3,0.096,0.9,-1.0,-0.1,0.3,0,muscami01,2020,203488.0
337.0,Jake Layman,26.0,MIN,SF,45,11,627,11.4,0.577,0.424,0.201,2.2,9.7,5.8,6.4,2.2,2.6,11.5,15.1,0.2,0.5,0.7,0.051,-2.2,0.2,-2.1,0.0,0,laymaja01,2020,1627774.0
346.0,Justin Jackson,25.0,OKC,SF,33,3,544,10.7,0.519,0.524,0.165,2.6,11.0,6.8,14.5,1.3,0.3,12.0,20.2,-0.1,0.3,0.2,0.019,-2.3,-1.0,-3.2,-0.2,0,jacksju01,2020,1628382.0
350.0,Isaiah Hartenstein,22.0,DEN,C,30,0,272,15.5,0.543,0.0,0.45,16.7,18.7,17.7,7.5,2.0,7.2,18.0,18.7,0.2,0.5,0.7,0.115,-4.3,0.6,-3.7,-0.1,0,harteis01,2020,1628392.0
363.0,Jarrett Culver,21.0,MIN,SG,34,7,499,8.8,0.476,0.315,0.286,7.1,15.8,11.3,6.8,1.6,1.6,12.9,18.2,-0.4,0.3,-0.1,-0.006,-4.5,-1.1,-5.6,-0.5,0,culveja01,2020,1629633.0
367.0,Javonte Green,27.0,BOS,SF,25,2,345,11.8,0.624,0.31,0.423,6.4,10.4,8.4,4.3,2.5,0.5,13.4,12.1,0.4,0.3,0.8,0.105,-1.7,1.3,-0.5,0.1,0,greenja02,2020,1629750.0
368.0,Kevin Knox,21.0,NYK,SF,42,0,464,9.1,0.537,0.622,0.14,2.4,11.8,7.1,5.9,1.3,1.2,10.1,16.2,0.0,0.6,0.6,0.065,-1.7,0.4,-1.4,0.1,0,knoxke01,2020,1628995.0
377.0,Dennis Smith Jr.,23.0,NYK,PG,3,0,28,6.8,0.356,0.4,0.6,0.0,7.7,3.9,14.4,5.4,0.0,7.3,21.7,-0.1,0.1,0.0,-0.015,-8.5,4.7,-3.8,0.0,0,smithde03,2020,1628372.0
380.0,Zeke Nnaji,20.0,DEN,PF,42,1,397,11.3,0.615,0.567,0.144,4.0,14.5,9.3,3.3,1.0,1.0,6.0,12.9,0.6,0.3,0.9,0.104,-0.6,-1.1,-1.7,0.0,0,nnajize01,2020,1630192.0
390.0,Luke Kornet,25.0,BOS,C,18,2,254,14.5,0.534,0.486,0.027,5.7,17.2,11.4,10.9,0.4,9.2,7.4,13.7,0.3,0.3,0.6,0.113,-0.8,1.8,0.9,0.2,0,kornelu01,2020,1628436.0
393.0,Josh Hall,20.0,OKC,SF,21,1,336,1.0,0.363,0.374,0.444,1.8,16.6,9.1,11.6,0.6,0.3,17.4,18.1,-1.1,0.2,-0.9,-0.126,-9.7,-2.2,-11.9,-0.8,0,halljo01,2020,1630221.0
395.0,Shaquille Harrison,27.0,DEN,SG,17,0,277,6.9,0.431,0.241,0.276,1.6,14.3,8.0,7.1,2.7,1.8,8.4,11.2,-0.1,0.4,0.2,0.042,-5.4,1.8,-3.6,-0.1,0,harrish01,2020,1627885.0
398.0,Frank Ntilikina,22.0,NYK,PG,33,4,322,7.7,0.512,0.608,0.228,2.0,8.3,5.2,8.1,2.8,1.2,11.2,13.6,0.0,0.5,0.5,0.07,-4.2,2.5,-1.7,0.0,0,ntilila01,2020,1628373.0
399.0,Jaylen Hoard,21.0,OKC,SF,19,0,320,13.4,0.547,0.125,0.466,6.7,14.5,10.6,11.2,1.9,1.4,13.8,16.3,0.2,0.3,0.5,0.07,-2.2,-0.3,-2.5,0.0,0,hoardja01,2020,1629658.0
405.0,Ed Davis,31.0,MIN,C,23,7,299,13.1,0.487,0.0,0.273,16.1,26.0,20.8,9.0,2.1,3.8,12.4,7.9,0.5,0.4,0.8,0.135,-3.3,1.1,-2.2,0.0,0,davised01,2020,202334.0
407.0,Romeo Langford,21.0,BOS,SG,18,4,283,5.1,0.436,0.305,0.203,4.7,9.1,6.9,5.9,1.0,1.7,13.5,11.3,-0.2,0.2,0.0,0.003,-4.9,0.2,-4.6,-0.2,0,langfro01,2020,1629641.0
408.0,Vlatko Čančar,23.0,DEN,PF,41,1,281,9.7,0.547,0.458,0.181,4.5,15.7,10.1,6.4,1.9,0.7,15.3,14.2,0.0,0.3,0.3,0.053,-2.6,0.0,-2.6,0.0,0,cancavl01,2020,1628427.0
411.0,Carsen Edwards,22.0,BOS,SG,31,1,276,10.2,0.527,0.568,0.117,1.2,9.4,5.2,7.4,1.2,0.3,5.7,19.3,0.1,0.2,0.3,0.051,-3.2,-1.3,-4.5,-0.2,0,edwarca01,2020,1629035.0
419.0,Ignas Brazdeikis,22.0,NYK,SF,4,0,7,11.2,0.532,0.0,2.0,15.7,15.3,15.5,17.5,0.0,0.0,34.7,18.3,0.0,0.0,0.0,0.039,-2.9,-1.2,-4.1,0.0,0,brazdig01,2020,1629649.0
423.0,Tremont Waters,23.0,BOS,PG,26,3,238,14.6,0.541,0.452,0.202,2.3,7.5,4.9,36.4,3.1,0.4,22.8,21.4,0.2,0.2,0.4,0.08,0.4,-0.1,0.3,0.1,0,watertr01,2020,1629682.0
433.0,Gabriel Deck,25.0,OKC,PF,10,0,212,16.1,0.548,0.224,0.328,7.8,11.9,9.8,17.3,1.8,0.0,7.3,16.6,0.4,0.1,0.5,0.12,0.0,-0.4,-0.4,0.1,0,deckga01,2020,1630466.0
436.0,Markus Howard,21.0,DEN,SG,37,1,205,6.4,0.477,0.613,0.085,0.6,11.0,5.8,12.6,1.0,0.5,14.1,27.2,-0.4,0.1,-0.3,-0.068,-5.5,-3.2,-8.7,-0.3,0,howarma02,2020,1630210.0
437.0,Darius Miller,30.0,OKC,SF,18,0,197,15.9,0.685,0.875,0.25,1.0,11.8,6.3,15.4,3.1,2.3,13.1,13.2,0.4,0.2,0.6,0.156,0.8,2.7,3.6,0.3,0,milleda01,2020,203121.0
446.0,Jabari Parker,25.0,BOS,PF,10,0,138,16.6,0.596,0.208,0.271,7.2,22.0,14.5,10.8,0.4,2.7,11.5,18.9,0.2,0.1,0.3,0.121,0.4,0.2,0.7,0.1,0,parkeja01,2020,203953.0
448.0,Bol Bol,21.0,DEN,PF,32,2,160,9.4,0.534,0.414,0.259,0.0,16.9,8.5,6.0,0.9,6.1,16.8,21.2,-0.2,0.2,0.0,-0.004,-3.8,-0.3,-4.1,-0.1,0,bolbo01,2020,1629626.0
453.0,Charlie Brown Jr.,23.0,OKC,SG,9,1,152,4.1,0.422,0.488,0.233,2.0,9.7,5.8,8.2,1.3,1.2,11.2,14.9,-0.2,0.1,-0.1,-0.032,-7.4,-1.3,-8.7,-0.3,0,brownch02,2020,1629718.0
458.0,Tacko Fall,25.0,BOS,C,19,0,136,19.6,0.66,0.0,0.517,13.0,29.7,21.3,3.1,0.4,13.7,14.4,13.2,0.2,0.3,0.5,0.177,-1.7,2.9,1.2,0.1,0,fallta01,2020,1629605.0
476.0,Justin Robinson,23.0,OKC,PG,9,0,88,6.0,0.453,0.667,0.238,1.2,7.2,4.1,14.1,1.6,0.0,7.9,12.2,0.0,0.0,0.0,0.021,-5.8,-1.0,-6.8,-0.1,0,robinju01,2020,1629620.0
483.0,Norvel Pelle,27.0,NYK,C,9,0,52,15.3,0.698,0.0,0.286,4.2,18.6,11.5,2.7,1.0,11.0,0.0,6.8,0.1,0.1,0.2,0.189,-1.1,3.7,2.5,0.1,0,pelleno01,2020,203658.0
519.0,Theo Pinson,25.0,NYK,SG,17,0,34,-8.1,0.111,0.889,0.0,0.0,15.8,8.0,3.7,0.0,0.0,10.0,13.1,-0.2,0.0,-0.1,-0.205,-13.2,-2.5,-15.7,-0.1,0,pinsoth01,2020,1629033.0
530.0,Jared Harper,23.0,NYK,PG,8,0,16,-10.8,0.26,0.25,1.0,0.0,13.4,6.8,7.7,0.0,0.0,34.2,24.4,-0.1,0.0,-0.1,-0.365,-16.6,-5.5,-22.1,-0.1,0,harpeja01,2020,1629607.0
533.0,Greg Whittington,27.0,DEN,PF,4,0,12,-10.2,0.0,0.667,0.0,0.0,0.0,0.0,0.0,0.0,0.0,0.0,10.9,-0.1,0.0,-0.1,-0.259,-11.4,-5.7,-17.2,0.0,0,whittgr01,2020,204222.0
538.0,Ashton Hagans,21.0,MIN,PG,2,0,4,-12.4,0.0,0.0,0.0,0.0,0.0,0.0,0.0,0.0,0.0,100.0,10.5,0.0,0.0,0.0,-0.353,-13.7,-7.4,-21.1,0.0,0,haganas01,2020,1630204.0
4.0,Jayson Tatum,23.0,BOS,SF,76,76,2731,21.8,0.578,0.416,0.3,3.5,20.2,12.1,21.1,1.4,1.6,10.9,32.1,5.0,4.6,9.6,0.169,4.3,0.6,5.0,4.8,MVP-6ASNBA1,tatumja01,2021,1628369.0
14.0,Julius Randle,27.0,NYK,PF,72,72,2544,15.7,0.509,0.313,0.322,5.2,25.5,15.1,25.1,1.0,1.5,14.7,28.7,-0.3,3.4,3.1,0.059,0.4,0.2,0.5,1.6,0,randlju01,2021,203944.0
18.0,Nikola Jokić,26.0,DEN,C,74,74,2476,32.8,0.661,0.22,0.357,9.6,35.5,23.0,42.6,2.2,2.3,15.6,31.9,10.8,4.5,15.2,0.296,9.2,4.5,13.7,9.8,MVP-1ASNBA1,jokicni01,2021,203999.0
19.0,Karl-Anthony Towns,26.0,MIN,C,74,74,2476,24.1,0.64,0.301,0.385,8.2,23.6,15.7,18.0,1.4,3.2,13.7,27.8,7.1,3.2,10.3,0.199,4.5,0.5,5.0,4.4,ASNBA3,townska01,2021,1626157.0
20.0,Anthony Edwards,20.0,MIN,SG,72,72,2466,16.5,0.56,0.484,0.225,2.6,12.5,7.5,17.4,2.0,1.8,12.2,26.4,1.8,2.4,4.3,0.084,1.6,-0.4,1.2,2.0,0,edwaran01,2021,1630162.0
29.0,RJ Barrett,21.0,NYK,SF,70,70,2417,13.7,0.511,0.338,0.34,2.9,15.5,9.1,14.9,0.9,0.7,9.9,27.6,0.1,2.2,2.3,0.046,-0.3,-1.3,-1.6,0.2,0,barrerj01,2021,1629628.0
32.0,Aaron Gordon,26.0,DEN,PF,75,75,2376,15.3,0.602,0.312,0.276,6.1,14.3,10.3,11.6,0.9,1.7,12.5,19.7,3.2,2.0,5.2,0.105,0.5,-1.1,-0.6,0.9,0,gordoaa01,2021,203932.0
34.0,Evan Fournier,29.0,NYK,SG,80,80,2358,12.3,0.554,0.641,0.117,1.5,8.2,4.8,11.9,1.7,0.8,9.4,20.8,1.5,2.2,3.7,0.075,-0.4,-0.3,-0.7,0.7,0,fournev01,2021,203095.0
43.0,Alec Burks,30.0,NYK,SG,81,44,2318,13.7,0.559,0.534,0.363,2.1,16.6,9.2,15.7,1.8,1.1,9.7,17.7,3.2,2.9,6.1,0.126,-0.4,1.2,0.8,1.7,0,burksal01,2021,202692.0
47.0,Marcus Smart,27.0,BOS,PG,71,71,2296,13.6,0.54,0.501,0.249,2.0,10.5,6.4,25.6,2.6,0.7,16.6,18.3,1.9,3.7,5.6,0.116,-1.2,1.7,0.5,1.5,DPOY-1,smartma01,2021,203935.0
49.0,Will Barton,31.0,DEN,SG,71,71,2277,13.4,0.548,0.48,0.142,2.2,14.1,8.3,17.6,1.2,1.2,11.8,20.8,1.2,1.9,3.2,0.067,0.4,-0.9,-0.5,0.9,0,bartowi01,2021,203115.0
53.0,Monte Morris,26.0,DEN,PG,75,74,2239,14.7,0.583,0.406,0.109,1.4,9.6,5.6,21.4,1.2,0.6,8.8,17.4,3.9,1.5,5.4,0.116,0.8,-0.8,0.0,1.1,0,morrimo01,2021,1628420.0
54.0,Jaylen Brown,25.0,BOS,SF,66,66,2220,18.9,0.574,0.381,0.261,2.6,16.7,9.8,17.9,1.6,0.7,11.6,30.5,2.3,3.4,5.8,0.124,1.9,0.1,2.1,2.2,0,brownja02,2021,1627759.0
59.0,Derrick White,27.0,BOS,SG,26,4,713,12.9,0.544,0.483,0.326,2.0,11.1,6.7,18.2,1.0,2.0,10.8,18.2,0.9,0.9,1.8,0.121,-1.4,0.5,-0.9,0.2,0,whitede01,2021,1628401.0
80.0,D'Angelo Russell,25.0,MIN,PG,65,65,2077,16.3,0.544,0.531,0.246,1.3,10.1,5.6,33.1,1.4,1.0,13.2,25.1,2.9,1.5,4.4,0.101,2.2,-1.5,0.8,1.4,0,russeda01,2021,1626156.0
90.0,Al Horford,35.0,BOS,C,69,69,2005,16.7,0.574,0.466,0.167,6.0,22.2,14.3,16.4,1.2,4.2,9.6,14.8,3.7,3.8,7.6,0.181,1.4,2.9,4.3,3.2,DPOY-9,horfoal01,2021,201143.0
97.0,Malik Beasley,25.0,MIN,SG,79,18,1976,11.9,0.544,0.749,0.071,1.4,11.2,6.2,8.5,1.0,0.6,4.7,19.4,1.7,1.2,2.9,0.069,0.7,-1.5,-0.7,0.7,0,beaslma01,2021,1627736.0
99.0,Shai Gilgeous-Alexander,23.0,OKC,PG,56,56,1942,20.9,0.557,0.282,0.385,1.9,13.0,7.4,31.1,1.8,2.2,11.1,30.8,2.8,1.8,4.6,0.113,2.9,0.5,3.4,2.7,0,gilgesh01,2021,1628983.0
103.0,Darius Bazley,21.0,OKC,PF,69,53,1924,12.6,0.515,0.414,0.262,3.7,19.8,11.6,7.7,1.5,3.4,11.1,18.3,-0.5,2.2,1.8,0.044,-2.1,0.3,-1.8,0.1,0,bazleda01,2021,1629647.0
109.0,Jarred Vanderbilt,22.0,MIN,PF,74,67,1880,15.3,0.612,0.039,0.363,12.0,23.9,17.8,6.7,2.5,2.4,14.8,10.9,3.1,2.9,6.0,0.153,-0.8,1.0,0.2,1.1,0,vandeja01,2021,1629020.0
111.0,Grant Williams,23.0,BOS,PF,77,21,1875,11.2,0.635,0.597,0.22,3.8,11.8,7.9,5.7,1.0,2.8,11.6,12.6,2.4,2.6,5.1,0.13,-1.4,1.1,-0.4,0.8,0,willigr01,2021,1629684.0
116.0,Jeff Green,35.0,DEN,PF,75,63,1849,12.5,0.627,0.318,0.374,2.6,11.1,7.0,7.3,0.7,1.3,10.3,16.3,2.7,1.2,3.9,0.101,-1.2,-1.3,-2.5,-0.2,0,greenje02,2021,201145.0
118.0,Mitchell Robinson,23.0,NYK,C,72,62,1848,20.7,0.722,0.0,0.528,16.8,19.1,17.9,3.2,1.6,7.1,12.4,11.4,5.3,3.2,8.5,0.221,1.0,1.2,2.2,2.0,0,robinmi01,2021,1629011.0
119.0,Dennis Schröder,28.0,BOS,PG,49,25,1433,13.5,0.543,0.329,0.248,2.2,10.0,6.2,22.0,1.4,0.3,13.8,23.1,1.0,1.8,2.8,0.092,-1.2,0.0,-1.2,0.3,0,schrode01,2021,1631516.0
125.0,Robert Williams,24.0,BOS,C,61,61,1804,22.1,0.745,0.003,0.245,14.6,20.5,17.6,9.7,1.5,6.8,13.4,11.5,6.0,3.9,9.9,0.262,2.4,3.1,5.5,3.4,DPOY-7,williro04,2021,1629057.0
126.0,Jaden McDaniels,21.0,MIN,PF,70,31,1803,10.3,0.553,0.455,0.128,4.4,13.2,8.7,6.1,1.4,2.9,11.4,15.3,0.7,1.7,2.4,0.065,-2.9,-0.1,-2.9,-0.4,0,mcdanja02,2021,1630183.0
127.0,Immanuel Quickley,22.0,NYK,PG,78,3,1802,14.6,0.543,0.547,0.278,1.8,13.1,7.4,24.5,1.5,0.2,10.9,22.2,2.5,1.8,4.2,0.113,0.2,0.0,0.2,1.0,6MOY-10,quickim01,2021,1630193.0
145.0,Josh Giddey,19.0,OKC,SF,54,54,1700,13.3,0.478,0.318,0.118,5.8,19.8,12.7,32.3,1.5,1.1,19.5,22.2,-1.3,1.7,0.4,0.01,-1.2,0.3,-0.9,0.5,0,giddejo01,2021,1630581.0
154.0,Luguentz Dort,22.0,OKC,SG,51,51,1665,12.3,0.541,0.539,0.263,2.3,10.9,6.5,8.6,1.3,1.0,9.8,23.3,0.2,1.1,1.4,0.04,-1.5,-0.7,-2.3,-0.1,0,dortlu01,2021,1629652.0
162.0,Josh Richardson,28.0,BOS,SG,44,0,1087,12.2,0.57,0.455,0.207,2.7,9.6,6.2,8.7,1.6,1.9,9.4,16.7,1.0,1.5,2.6,0.113,-1.0,1.2,0.3,0.6,0,richajo01,2021,1626196.0
181.0,Austin Rivers,29.0,DEN,SG,67,18,1480,7.2,0.546,0.66,0.126,1.5,6.9,4.3,8.0,1.7,0.4,12.8,12.6,0.1,1.1,1.2,0.037,-3.5,-0.3,-3.8,-0.7,0,riverau01,2021,203085.0
182.0,Patrick Beverley,33.0,MIN,PG,58,54,1476,14.8,0.539,0.555,0.305,4.4,13.2,8.7,24.5,2.2,3.4,12.9,16.1,2.3,1.7,4.1,0.132,0.6,2.1,2.7,1.7,0,beverpa01,2021,201976.0
203.0,Tre Mann,20.0,OKC,PG,60,26,1367,10.2,0.501,0.463,0.139,1.9,11.2,6.4,10.7,1.7,0.8,10.2,22.0,-1.0,1.0,0.1,0.002,-3.3,-1.1,-4.4,-0.8,0,manntr01,2021,1630544.0
209.0,Bones Hyland,21.0,DEN,SG,69,4,1310,14.4,0.558,0.627,0.219,1.2,14.4,8.0,21.2,1.5,1.4,12.1,23.8,1.1,1.3,2.4,0.088,0.3,-0.7,-0.4,0.5,0,hylanbo01,2021,1630538.0
212.0,Bryn Forbes,28.0,DEN,SG,35,1,610,10.6,0.578,0.593,0.156,1.1,4.3,2.7,8.0,0.6,0.3,8.1,20.3,0.5,0.2,0.7,0.054,-1.1,-3.2,-4.3,-0.4,0,forbebr01,2021,1627854.0
224.0,Aleksej Pokusevski,20.0,OKC,PF,61,12,1233,12.0,0.485,0.432,0.11,6.0,20.8,13.3,16.5,1.5,2.9,16.4,20.0,-1.1,1.5,0.4,0.014,-2.7,0.1,-2.6,-0.2,0,pokusal01,2021,1630197.0
225.0,Obi Toppin,23.0,NYK,PF,72,10,1230,18.3,0.614,0.357,0.262,5.9,17.7,11.7,10.9,1.0,2.6,9.6,20.8,2.5,1.5,3.9,0.153,1.7,0.3,2.0,1.2,0,toppiob01,2021,1630167.0
228.0,Naz Reid,22.0,MIN,C,77,6,1215,17.2,0.588,0.349,0.313,8.8,18.0,13.3,8.7,1.6,5.6,13.2,21.4,1.5,1.6,3.2,0.125,-0.5,0.5,0.0,0.6,0,reidna01,2021,1629675.0
230.0,Aaron Wiggins,23.0,OKC,SG,50,35,1209,10.3,0.556,0.409,0.252,4.3,11.0,7.6,8.5,1.2,0.8,12.6,15.3,0.5,0.8,1.2,0.048,-3.4,-0.9,-4.3,-0.7,0,wiggiaa01,2021,1630598.0
235.0,Facundo Campazzo,30.0,DEN,PG,65,4,1184,11.1,0.503,0.652,0.264,2.2,8.6,5.5,24.1,2.6,1.8,16.9,14.7,0.6,1.3,2.0,0.081,-2.1,1.3,-0.8,0.4,0,campafa01,2021,1630267.0
237.0,Taurean Prince,27.0,MIN,PF,69,8,1177,12.4,0.589,0.587,0.21,2.3,13.8,7.9,8.1,1.9,1.9,11.1,17.0,1.0,1.2,2.2,0.09,-1.0,0.0,-0.9,0.3,0,princta02,2021,1627752.0
253.0,Jeremiah Robinson-Earl,21.0,OKC,C,49,36,1087,11.7,0.526,0.509,0.167,7.0,19.1,13.0,6.7,1.3,1.3,10.1,15.4,0.4,1.0,1.5,0.065,-1.9,-0.4,-2.2,-0.1,0,robinje02,2021,1630526.0
254.0,JaMychal Green,31.0,DEN,PF,67,8,1085,14.1,0.587,0.379,0.284,8.6,19.9,14.5,7.6,1.9,2.2,13.4,17.2,1.2,1.4,2.7,0.118,-2.0,0.1,-1.8,0.0,0,greenja01,2021,203210.0
257.0,Kenrich Williams,27.0,OKC,SF,49,0,1072,13.3,0.532,0.382,0.174,7.1,14.1,10.5,15.3,2.0,0.9,11.9,15.6,0.8,1.0,1.8,0.081,-1.3,1.1,-0.3,0.5,0,willike04,2021,1629026.0
269.0,Cam Reddish,22.0,NYK,SF,15,0,215,12.9,0.575,0.477,0.492,2.5,8.2,5.3,7.1,2.8,1.8,14.1,18.8,0.1,0.3,0.4,0.092,-2.0,1.2,-0.8,0.1,0,reddica01,2021,1629629.0
272.0,Payton Pritchard,24.0,BOS,PG,71,2,1001,15.0,0.578,0.657,0.056,3.5,10.8,7.2,20.4,1.2,0.5,9.7,18.6,1.8,1.2,3.1,0.148,1.7,0.1,1.8,1.0,0,pritcpa01,2021,1630202.0
278.0,Daniel Theis,29.0,BOS,C,21,6,393,17.0,0.658,0.25,0.286,7.6,19.1,13.5,8.0,1.1,3.3,10.6,15.8,0.9,0.7,1.6,0.19,-1.0,0.9,-0.1,0.2,0,theisda01,2021,1628464.0
279.0,Jaylen Nowell,22.0,MIN,SG,62,1,975,16.8,0.581,0.387,0.223,2.4,11.4,6.8,20.2,1.3,1.0,7.4,21.0,2.1,0.7,2.8,0.138,1.5,-0.7,0.8,0.7,0,nowelja01,2021,1629669.0
288.0,Isaiah Roby,23.0,OKC,PF,45,28,948,18.3,0.607,0.307,0.359,8.0,15.6,11.8,12.1,1.8,3.3,10.3,19.0,1.8,1.1,2.9,0.147,0.4,0.2,0.6,0.6,0,robyis01,2021,1629676.0
289.0,Kemba Walker,31.0,NYK,PG,37,37,948,13.9,0.537,0.538,0.192,1.6,11.2,6.3,22.2,1.4,0.7,10.7,20.8,1.0,0.9,1.8,0.093,0.7,-0.2,0.4,0.6,0,walkeke02,2021,202689.0
290.0,Taj Gibson,36.0,NYK,C,52,4,946,12.0,0.606,0.229,0.313,9.8,16.3,13.0,4.9,1.2,4.2,12.5,10.0,1.4,1.2,2.7,0.135,-3.0,1.0,-2.0,0.0,0,gibsota01,2021,201959.0
295.0,Théo Maledon,20.0,OKC,PG,51,7,908,10.6,0.5,0.473,0.315,2.2,12.8,7.4,18.5,1.7,1.1,15.3,20.3,-0.5,0.8,0.3,0.015,-3.7,-0.7,-4.4,-0.6,0,maledth01,2021,1630177.0
298.0,Jordan McLaughlin,25.0,MIN,PG,62,3,902,13.4,0.535,0.425,0.2,2.6,8.8,5.6,26.1,3.0,1.1,14.9,11.8,1.3,1.0,2.3,0.123,-1.2,1.6,0.4,0.6,0,mclaujo01,2021,1629162.0
317.0,Ty Jerome,24.0,OKC,SG,48,4,801,11.3,0.488,0.567,0.143,2.4,7.7,5.0,21.3,1.8,0.6,9.6,20.8,0.0,0.5,0.5,0.032,-2.2,-0.2,-2.3,-0.1,0,jeromty01,2021,1629660.0
319.0,Quentin Grimes,21.0,NYK,SG,46,6,786,10.7,0.565,0.804,0.081,3.2,9.8,6.4,8.5,2.0,1.4,10.3,15.1,0.6,0.9,1.4,0.087,-1.2,0.9,-0.3,0.3,0,grimequ01,2021,1629656.0
321.0,Romeo Langford,22.0,BOS,SG,44,5,728,9.3,0.52,0.451,0.185,4.6,10.7,7.7,3.6,1.4,2.0,7.4,13.0,0.2,1.0,1.3,0.084,-2.3,1.1,-1.2,0.2,0,langfro01,2021,1629641.0
329.0,Danuel House Jr.,28.0,NYK,SF,1,0,3,-13.4,0.0,1.0,0.0,0.0,0.0,0.0,0.0,0.0,0.0,0.0,14.6,0.0,0.0,0.0,-0.342,-12.6,-7.8,-20.4,0.0,0,houseda01,2021,1627863.0
330.0,DeMarcus Cousins,31.0,DEN,C,31,2,431,17.6,0.565,0.359,0.422,13.4,30.6,22.3,19.1,2.2,2.7,22.0,31.9,-0.2,0.8,0.6,0.065,-2.8,-0.2,-3.1,-0.1,0,couside01,2021,202326.0
336.0,Zeke Nnaji,21.0,DEN,PF,41,1,698,13.5,0.629,0.43,0.349,9.3,14.1,11.8,3.4,1.1,1.7,9.7,14.9,1.2,0.6,1.8,0.123,-0.7,-1.6,-2.2,0.0,0,nnajize01,2021,1630192.0
340.0,Vit Krejci,21.0,OKC,SG,30,8,690,8.5,0.529,0.587,0.132,2.6,12.6,7.5,11.9,1.3,1.1,14.1,12.9,0.1,0.5,0.6,0.042,-4.3,-1.0,-5.3,-0.6,0,krejcvi01,2021,1630249.0
343.0,Davon Reed,26.0,DEN,SG,48,5,668,12.2,0.624,0.534,0.093,2.4,15.2,9.0,10.7,1.8,1.2,8.7,12.1,0.9,0.7,1.6,0.117,-0.6,0.3,-0.3,0.3,0,reedda01,2021,1628432.0
344.0,Derrick Favors,30.0,OKC,C,39,18,653,13.6,0.534,0.088,0.137,9.0,20.2,14.5,5.9,1.3,1.7,4.5,13.4,0.8,0.7,1.4,0.105,-2.3,0.3,-2.1,0.0,0,favorde01,2021,202324.0
349.0,Derrick Rose,33.0,NYK,PG,26,4,636,16.9,0.541,0.336,0.113,3.5,9.8,6.6,27.5,1.7,1.9,11.9,22.5,0.8,0.7,1.4,0.108,2.3,0.0,2.3,0.7,0,rosede01,2021,201565.0
359.0,Mike Muscala,30.0,OKC,C,43,0,592,19.7,0.63,0.657,0.23,3.6,19.1,11.2,6.2,1.5,4.1,4.9,20.9,1.4,0.7,2.1,0.17,3.8,1.2,5.0,1.1,0,muscami01,2021,203488.0
361.0,Aaron Nesmith,22.0,BOS,SF,52,3,574,7.3,0.507,0.632,0.143,2.9,13.6,8.4,5.4,1.7,0.8,13.8,17.2,-0.4,0.9,0.4,0.038,-4.9,0.7,-4.3,-0.3,0,nesmiaa01,2021,1630174.0
363.0,Nerlens Noel,27.0,NYK,C,25,11,562,11.8,0.581,0.05,0.5,9.0,18.1,13.5,5.7,2.7,5.4,21.5,7.3,0.4,1.0,1.5,0.128,-3.1,3.3,0.3,0.3,0,noelne01,2021,203457.0
364.0,Jericho Sims,23.0,NYK,PF,41,5,555,11.6,0.674,0.0,0.537,11.6,21.3,16.4,5.3,1.0,3.9,23.1,6.9,0.7,0.8,1.5,0.128,-2.8,1.1,-1.7,0.0,0,simsje01,2021,1630579.0
372.0,Josh Okogie,23.0,MIN,SG,49,6,516,9.0,0.526,0.452,0.49,5.9,8.7,7.3,6.2,2.4,2.2,15.4,12.1,0.1,0.5,0.7,0.062,-3.7,0.9,-2.7,-0.1,0,okogijo01,2021,1629006.0
379.0,Lindy Waters III,24.0,OKC,SG,25,1,465,13.0,0.562,0.834,0.029,1.3,15.0,8.1,8.1,2.0,1.6,5.8,17.5,0.3,0.5,0.8,0.081,-0.8,-0.8,-1.6,0.1,0,waterli01,2021,1630322.0
385.0,Kelan Martin,26.0,BOS,SF,3,0,6,-11.3,0.0,0.333,0.0,18.5,17.6,18.0,0.0,0.0,0.0,0.0,22.0,-0.1,0.0,0.0,-0.382,-14.7,-10.5,-25.1,0.0,0,martike03,2021,1629103.0
387.0,Juancho Hernangómez,26.0,BOS,PF,18,0,96,3.8,0.307,0.667,0.333,10.4,17.6,14.1,4.0,2.1,1.9,16.2,17.0,-0.3,0.2,-0.1,-0.05,-6.9,-1.4,-8.3,-0.2,0,hernaju01,2021,1627823.0
393.0,Olivier Sarr,22.0,OKC,C,22,2,421,14.0,0.672,0.287,0.287,8.2,14.6,11.4,6.9,0.7,3.3,16.2,13.9,0.7,0.3,1.0,0.116,-2.7,-1.3,-4.0,-0.2,0,sarrol01,2021,1630846.0
394.0,Enes Freedom,29.0,BOS,C,35,1,411,15.0,0.585,0.052,0.289,16.5,25.4,21.0,2.7,0.6,3.1,15.5,13.9,0.6,0.7,1.4,0.16,-1.2,-0.2,-1.4,0.1,0,kanteen01,2021,202683.0
402.0,Miles McBride,21.0,NYK,PG,40,2,372,6.1,0.393,0.63,0.111,1.1,11.2,6.1,15.9,1.9,0.3,4.2,13.9,-0.1,0.4,0.2,0.032,-5.5,1.0,-4.5,-0.2,0,mcbrimi01,2021,1630540.0
417.0,PJ Dozier,25.0,DEN,SG,18,0,340,8.7,0.463,0.485,0.131,4.8,15.6,10.3,11.3,1.6,1.6,11.0,15.2,-0.1,0.4,0.3,0.038,-3.0,1.0,-2.0,0.0,0,doziepj01,2021,1628408.0
430.0,Nathan Knight,24.0,MIN,PF,37,2,267,18.7,0.603,0.148,0.682,12.5,21.8,17.1,11.9,1.2,2.9,13.6,20.7,0.6,0.3,1.0,0.171,-0.7,0.1,-0.6,0.1,0,knighna01,2021,1630233.0
431.0,Michael Porter Jr.,23.0,DEN,SF,9,9,265,7.5,0.416,0.466,0.087,3.9,20.4,12.4,8.9,1.9,0.7,10.1,19.7,-0.5,0.3,-0.2,-0.032,-3.9,0.5,-3.5,-0.1,0,portemi01,2021,1629008.0
435.0,Leandro Bolmaro,21.0,MIN,SF,35,2,241,5.4,0.419,0.333,0.241,6.9,12.3,9.6,11.0,1.2,0.0,17.9,12.6,-0.1,0.2,0.0,0.004,-5.1,-0.7,-5.8,-0.2,0,bolmale01,2021,1630195.0
436.0,Jaylen Hoard,22.0,OKC,SF,7,5,240,18.0,0.536,0.278,0.156,12.7,23.5,18.0,11.6,1.2,1.9,7.7,18.7,0.3,0.3,0.6,0.118,1.2,-2.1,-0.9,0.1,0,hoardja01,2021,1629658.0
439.0,Jake Layman,27.0,MIN,SF,34,1,231,9.0,0.5,0.479,0.247,2.7,14.3,8.4,5.3,1.4,2.1,11.0,16.4,-0.1,0.2,0.1,0.024,-3.3,-0.6,-3.9,-0.1,0,laymaja01,2021,1627774.0
441.0,Kevin Knox,22.0,NYK,SF,13,0,111,11.6,0.529,0.7,0.25,7.6,13.8,10.7,4.2,0.9,0.9,10.1,19.5,0.0,0.1,0.1,0.062,0.5,-1.9,-1.4,0.0,0,knoxke01,2021,1628995.0
443.0,Georgios Kalaitzakis,23.0,OKC,SF,4,4,166,9.4,0.536,0.393,0.375,1.2,6.9,4.0,11.4,2.9,0.6,19.7,21.1,-0.2,0.2,-0.1,-0.028,-4.9,-1.9,-6.8,-0.2,0,kalaige01,2021,1630686.0
454.0,Greg Monroe,31.0,MIN,C,4,0,81,18.9,0.578,0.0,0.318,7.8,24.4,15.9,28.1,2.3,7.1,21.8,16.6,0.1,0.1,0.3,0.149,-0.3,4.8,4.5,0.1,0,monrogr01,2021,202328.0
455.0,Mamadi Diakite,25.0,OKC,PF,13,3,188,11.6,0.54,0.106,0.234,9.2,23.3,16.1,1.6,1.3,4.5,11.9,13.5,0.1,0.3,0.3,0.08,-5.9,0.9,-5.0,-0.1,0,diakima01,2021,1629603.0
461.0,Markus Howard,22.0,DEN,SG,31,0,176,16.1,0.567,0.693,0.228,1.3,6.1,3.8,6.2,2.5,0.0,5.9,29.4,0.1,0.2,0.3,0.082,0.8,-2.0,-1.2,0.0,0,howarma02,2021,1630210.0
462.0,Vlatko Čančar,24.0,DEN,PF,15,1,176,12.7,0.657,0.293,0.341,5.2,14.1,9.8,13.2,0.6,1.5,16.0,14.0,0.3,0.1,0.4,0.114,-0.9,-0.9,-1.7,0.0,0,cancavl01,2021,1628427.0
464.0,Zavier Simpson,24.0,OKC,PG,4,4,174,7.7,0.406,0.154,0.096,1.2,11.4,6.2,25.2,1.4,2.1,15.6,15.9,-0.2,0.1,-0.1,-0.018,-6.0,-1.9,-7.9,-0.3,0,simpsza01,2021,1630285.0
471.0,Sam Hauser,24.0,BOS,SF,26,0,158,14.8,0.65,0.88,0.0,3.5,16.0,9.9,9.1,0.3,1.2,3.8,14.5,0.4,0.2,0.6,0.171,2.7,-0.3,2.3,0.2,0,hausesa01,2021,1630573.0
472.0,Paul Watson,27.0,OKC,SF,9,3,156,5.7,0.432,0.743,0.057,1.9,16.1,8.9,7.2,0.9,1.8,10.0,11.0,-0.1,0.1,0.0,0.001,-4.8,-0.6,-5.4,-0.1,0,watsopa01,2021,1628778.0
474.0,Bruno Fernando,23.0,BOS,C,20,0,58,12.6,0.586,0.071,0.357,13.4,14.6,14.0,9.6,0.0,4.7,23.6,16.1,0.0,0.1,0.1,0.102,-3.2,0.4,-2.8,0.0,0,fernabr01,2021,1628981.0
488.0,Melvin Frazier,25.0,OKC,SG,3,0,120,-0.4,0.313,0.438,0.146,4.2,7.0,5.6,1.2,0.4,0.0,5.5,19.5,-0.4,0.0,-0.4,-0.16,-9.7,-6.7,-16.4,-0.4,0,frazime01,2021,204025.0
490.0,Jabari Parker,26.0,BOS,PF,12,0,112,14.8,0.632,0.421,0.237,5.0,21.7,13.5,7.9,1.8,0.8,16.0,19.6,0.1,0.2,0.3,0.141,-0.3,1.1,0.7,0.1,0,parkeja01,2021,203953.0
496.0,Luke Kornet,26.0,BOS,C,12,0,85,18.8,0.582,0.19,0.143,13.0,18.6,15.9,13.5,1.8,2.1,0.0,11.6,0.3,0.2,0.4,0.239,0.6,1.4,2.1,0.1,0,kornelu01,2021,1628436.0
497.0,Chris Silva,25.0,MIN,PF,1,0,3,3.8,0.0,0.0,0.0,0.0,36.6,17.9,0.0,0.0,0.0,0.0,0.0,0.0,0.0,0.0,0.052,-5.3,-0.5,-5.8,0.0,0,silvach01,2021,1629735.0
502.0,Bol Bol,22.0,DEN,PF,14,0,81,13.5,0.565,0.148,0.185,5.7,21.4,13.8,9.1,0.6,2.2,12.0,18.0,0.0,0.1,0.1,0.065,-0.5,-0.4,-1.0,0.0,0,bolbo01,2021,1629626.0
504.0,Ryan Arcidiacono,27.0,NYK,PG,10,0,76,6.1,0.667,0.75,0.0,0.0,11.5,5.7,7.5,0.7,0.0,20.0,8.6,0.0,0.1,0.1,0.052,-4.6,0.0,-4.6,-0.1,0,arcidry01,2021,1627853.0
510.0,Rayjon Tucker,24.0,DEN,SG,3,0,29,13.6,0.798,1.0,2.0,4.0,11.2,7.7,16.7,1.7,0.0,0.0,5.7,0.1,0.0,0.1,0.213,0.6,1.3,1.9,0.0,0,tuckera01,2021,1629730.0
516.0,Malik Fitts,24.0,BOS,PF,8,0,28,26.1,0.75,0.6,0.0,7.9,18.8,13.5,28.6,0.0,0.0,0.0,15.7,0.2,0.0,0.2,0.348,8.6,1.2,9.8,0.1,0,fittsma01,2021,1630238.0
518.0,Brodric Thomas,25.0,BOS,SG,12,0,60,10.0,0.52,0.5,0.278,3.7,14.1,9.0,26.0,0.8,1.5,22.9,19.2,0.0,0.1,0.1,0.052,-3.6,0.8,-2.8,0.0,0,thomabr01,2021,1630271.0
521.0,James Ennis III,31.0,DEN,SF,3,0,14,3.7,0.311,0.333,0.167,8.2,7.7,8.0,29.8,0.0,0.0,13.4,23.3,0.0,0.0,0.0,-0.134,-7.2,-4.0,-11.1,0.0,0,ennisja01,2021,203516.0
522.0,Gabriel Deck,26.0,OKC,PF,7,0,56,11.5,0.643,0.286,0.0,1.8,9.3,5.5,13.7,0.9,0.0,12.5,12.3,0.1,0.0,0.1,0.08,-1.2,-1.3,-2.5,0.0,0,deckga01,2021,1630466.0
535.0,Nik Stauskas,28.0,BOS,SG,6,0,15,6.2,0.509,1.0,0.333,0.0,0.0,0.0,9.4,0.0,0.0,12.7,23.1,0.0,0.0,0.0,-0.025,-2.4,-4.8,-7.3,0.0,0,stausni01,2021,203917.0
538.0,Petr Cornelie,26.0,DEN,PF,13,0,38,9.6,0.418,0.533,0.267,21.3,19.9,20.6,10.8,1.3,2.4,19.3,24.0,-0.1,0.0,0.0,-0.015,-6.1,-2.7,-8.8,-0.1,0,cornepe01,2021,1627822.0
539.0,Justin Jackson,26.0,BOS,SF,1,0,2,22.7,0.532,0.0,2.0,0.0,0.0,0.0,0.0,0.0,0.0,0.0,41.4,0.0,0.0,0.0,0.251,1.9,-4.4,-2.5,0.0,0,jacksju01,2021,1628382.0
544.0,Juwan Morgan,24.0,BOS,PF,1,0,4,0.0,0.0,0.0,0.0,0.0,0.0,0.0,0.0,0.0,0.0,0.0,0.0,0.0,0.0,0.0,0.024,-4.0,-2.0,-6.0,0.0,0,morgaju01,2021,1629752.0
550.0,Carlik Jones,24.0,DEN,PG,2,0,4,8.9,0.5,0.0,0.0,0.0,0.0,0.0,0.0,0.0,0.0,0.0,21.9,0.0,0.0,0.0,-0.03,-3.0,-3.7,-6.7,0.0,0,jonesca03,2021,1630637.0
553.0,Damyean Dotson,27.0,NYK,SG,2,0,21,6.4,0.5,0.25,0.0,0.0,10.4,5.1,6.9,0.0,0.0,0.0,8.3,0.0,0.0,0.0,0.045,-3.7,-1.2,-4.9,0.0,0,dotsoda01,2021,1628422.0
558.0,Wayne Selden,27.0,NYK,SG,3,0,19,4.3,0.434,0.5,1.0,0.0,5.8,2.8,7.2,0.0,0.0,0.0,13.3,0.0,0.0,0.0,0.016,-4.3,-1.6,-5.9,0.0,0,seldewa01,2021,1627782.0
559.0,McKinley Wright IV,23.0,MIN,PG,5,0,19,9.5,0.833,0.667,0.0,0.0,0.0,0.0,20.9,0.0,0.0,25.0,8.8,0.0,0.0,0.0,0.092,-1.4,-2.8,-4.2,0.0,0,wrighmc01,2021,1630593.0
562.0,Scotty Hopson,32.0,OKC,SG,1,0,18,0.1,0.5,0.25,0.0,0.0,5.8,2.9,8.1,0.0,0.0,33.3,14.4,-0.1,0.0,0.0,-0.132,-8.7,-2.9,-11.6,0.0,0,hopsosc01,2021,203816.0
574.0,Rob Edwards,25.0,OKC,SG,2,0,11,-0.8,0.375,1.0,0.0,0.0,28.5,14.0,0.0,0.0,0.0,20.0,19.6,-0.1,0.0,0.0,-0.181,-8.3,-2.9,-11.2,0.0,0,edwarro01,2021,1630306.0
580.0,Feron Hunt,22.0,NYK,SF,2,0,8,-3.0,0.0,0.0,0.0,13.2,0.0,6.7,16.0,6.3,0.0,33.3,16.4,-0.1,0.0,0.0,-0.234,-12.3,1.0,-11.3,0.0,0,huntfe01,2021,1630624.0
589.0,Matt Ryan,24.0,BOS,SF,1,0,5,3.5,0.3,1.0,0.0,0.0,0.0,0.0,0.0,9.9,0.0,0.0,44.0,0.0,0.0,0.0,-0.25,-9.9,-3.8,-13.7,0.0,0,ryanma01,2021,1630346.0
595.0,Joe Johnson,40.0,BOS,SG,1,0,2,38.7,1.0,0.0,0.0,0.0,0.0,0.0,0.0,0.0,0.0,0.0,22.0,0.0,0.0,0.0,0.335,12.1,2.8,15.0,0.0,0,johnsjo02,2021,2207.0
597.0,Tyler Hall,24.0,NYK,SG,1,0,2,0.0,0.0,0.0,0.0,0.0,0.0,0.0,0.0,0.0,0.0,0.0,0.0,0.0,0.0,0.0,0.007,-8.1,-0.5,-8.5,0.0,0,hallty01,2021,1629788.0
600.0,C.J. Miles,34.0,BOS,SG,1,0,2,-7.8,0.0,0.0,0.0,0.0,0.0,0.0,0.0,0.0,0.0,0.0,0.0,0.0,0.0,0.0,0.03,-16.3,0.0,-16.3,0.0,0,milescj01,2021,1631526.0
601.0,Matt Mooney,25.0,NYK,SG,1,0,2,-20.0,0.0,1.0,0.0,0.0,0.0,0.0,0.0,25.0,0.0,50.0,43.8,-0.1,0.0,0.0,-0.915,-33.9,11.5,-22.3,0.0,0,moonema01,2021,1629760.0
2.0,Anthony Edwards,21.0,MIN,SG,79,79,2842,17.4,0.564,0.375,0.274,1.9,15.9,9.0,19.3,2.1,1.8,13.0,29.9,0.2,3.6,3.8,0.064,1.0,0.0,1.0,2.1,AS,edwaran01,2022,1630162.0
5.0,Julius Randle,28.0,NYK,PF,77,77,2737,20.3,0.581,0.444,0.371,5.6,25.2,15.4,18.5,0.9,0.7,11.5,29.5,5.0,3.1,8.1,0.142,3.9,-0.2,3.7,3.9,CPOY-14ASNBA3,randlju01,2022,203944.0
7.0,Jayson Tatum,24.0,BOS,SF,74,74,2732,23.7,0.607,0.44,0.399,3.2,22.5,13.0,20.9,1.4,1.6,10.4,32.7,6.2,4.3,10.5,0.185,4.8,0.7,5.5,5.1,MVP-4CPOY-10ASNBA1,tatumja01,2022,1628369.0
22.0,RJ Barrett,22.0,NYK,SG,73,73,2475,12.9,0.531,0.332,0.333,2.7,13.7,8.2,12.4,0.6,0.6,10.8,26.2,0.5,1.8,2.2,0.043,-1.2,-1.9,-3.1,-0.7,0,barrerj01,2022,1629628.0
24.0,Josh Hart,27.0,NYK,SF,25,1,750,17.1,0.703,0.331,0.363,6.9,19.0,12.9,16.2,2.2,1.5,17.3,12.6,1.8,1.0,2.8,0.179,1.4,2.0,3.4,1.0,0,hartjo01,2022,1628404.0
32.0,Shai Gilgeous-Alexander,24.0,OKC,PG,68,68,2416,27.2,0.626,0.122,0.535,2.6,12.2,7.3,25.7,2.2,2.5,10.1,32.8,8.4,3.0,11.4,0.226,5.7,1.5,7.3,5.6,MVP-5CPOY-7ASNBA1,gilgesh01,2022,1628983.0
33.0,Jaden McDaniels,22.0,MIN,SF,79,79,2416,12.0,0.611,0.376,0.201,4.3,9.8,7.1,8.4,1.5,2.7,12.6,15.8,2.0,2.4,4.4,0.087,-1.7,0.5,-1.2,0.5,0,mcdanja02,2022,1630183.0
35.0,Jaylen Brown,26.0,BOS,SF,67,67,2405,19.1,0.581,0.352,0.249,3.6,17.0,10.4,16.5,1.5,0.9,11.4,31.4,1.6,3.4,5.0,0.1,1.5,-0.2,1.3,2.0,ASNBA2,brownja02,2022,1627759.0
39.0,Kentavious Caldwell-Pope,29.0,DEN,SG,76,76,2381,11.5,0.598,0.505,0.198,1.7,8.1,5.0,9.8,2.3,1.3,11.1,14.1,2.0,2.5,4.5,0.091,-1.6,0.6,-1.0,0.6,0,caldwke01,2022,203484.0
41.0,Jalen Brunson,26.0,NYK,PG,68,68,2379,21.2,0.597,0.269,0.328,1.8,9.3,5.6,28.7,1.3,0.6,9.4,27.2,6.9,1.8,8.7,0.175,4.4,-0.5,3.9,3.5,MVP-12CPOY-4,brunsja01,2022,1628973.0
43.0,Josh Giddey,20.0,OKC,PF,76,76,2367,17.1,0.533,0.209,0.13,6.6,20.9,13.6,29.9,1.1,1.2,15.1,24.6,1.3,2.7,4.0,0.081,1.5,-0.3,1.2,1.9,0,giddejo01,2022,1630581.0
45.0,Immanuel Quickley,23.0,NYK,SG,81,21,2344,16.3,0.578,0.485,0.265,2.7,13.1,7.9,17.4,1.7,0.6,8.7,20.9,4.4,2.3,6.7,0.137,1.3,0.4,1.7,2.1,6MOY-2,quickim01,2022,1630193.0
47.0,Nikola Jokić,27.0,DEN,C,69,69,2323,31.5,0.701,0.146,0.406,8.5,31.3,20.2,46.6,1.8,1.8,17.0,27.2,11.2,3.8,14.9,0.308,8.5,4.5,13.0,8.8,MVP-2CPOY-13ASNBA2,jokicni01,2022,203999.0
49.0,Derrick White,28.0,BOS,SG,82,70,2319,15.4,0.604,0.516,0.253,2.5,11.2,6.9,19.4,1.1,2.8,10.1,17.7,4.4,3.1,7.4,0.154,1.1,1.3,2.4,2.6,0,whitede01,2022,1628401.0
51.0,D'Angelo Russell,26.0,MIN,PG,54,54,1778,16.1,0.604,0.521,0.23,1.8,8.5,5.2,27.0,1.6,1.0,15.5,22.8,2.3,1.5,3.8,0.103,1.9,-0.7,1.2,1.4,0,russeda01,2022,1626156.0
55.0,Bruce Brown,26.0,DEN,SF,80,31,2280,13.3,0.571,0.343,0.206,3.3,13.0,8.3,15.7,1.9,2.0,13.2,17.8,1.7,2.6,4.3,0.09,-1.1,0.6,-0.5,0.9,0,brownbr01,2022,1628971.0
57.0,Jalen Williams,21.0,OKC,SG,75,62,2276,15.6,0.601,0.258,0.241,3.9,12.2,7.9,15.4,2.1,1.4,12.3,18.4,3.0,2.6,5.6,0.119,-0.4,0.7,0.3,1.3,ROY-2,willija06,2022,1631114.0
59.0,Luguentz Dort,23.0,OKC,SF,74,73,2272,11.3,0.513,0.468,0.297,5.9,10.4,8.1,9.2,1.6,0.9,8.5,19.8,0.9,2.1,2.9,0.062,-2.0,-1.0,-3.0,-0.6,0,dortlu01,2022,1629652.0
78.0,Rudy Gobert,30.0,MIN,C,70,70,2148,18.9,0.675,0.005,0.623,12.2,29.8,21.2,5.6,1.2,3.9,14.9,16.3,4.3,3.5,7.8,0.174,0.0,0.7,0.7,1.4,0,goberru01,2022,203497.0
81.0,Jamal Murray,25.0,DEN,PG,65,65,2133,18.0,0.571,0.415,0.207,2.7,11.0,6.9,27.5,1.5,0.7,11.3,26.1,3.3,1.9,5.1,0.116,2.6,-1.3,1.3,1.8,0,murraja01,2022,1627750.0
86.0,Quentin Grimes,22.0,NYK,SG,71,66,2121,11.7,0.619,0.676,0.163,2.5,9.4,5.9,9.7,1.1,1.2,9.7,14.4,3.2,1.6,4.8,0.108,-0.3,0.1,-0.1,1.0,0,grimequ01,2022,1629656.0
96.0,Aaron Gordon,27.0,DEN,PF,68,68,2055,19.5,0.617,0.227,0.413,9.4,15.4,12.5,14.2,1.3,2.2,9.8,21.1,4.6,2.2,6.8,0.158,2.4,-0.3,2.1,2.1,0,gordoaa01,2022,203932.0
98.0,Grant Williams,24.0,BOS,PF,79,23,2045,10.3,0.605,0.611,0.256,4.7,14.5,9.7,8.4,1.0,1.3,13.4,13.1,1.9,2.6,4.4,0.104,-1.8,0.7,-1.1,0.5,0,willigr01,2022,1629684.0
100.0,Mike Conley,35.0,MIN,PG,24,24,753,16.1,0.631,0.587,0.311,2.4,8.6,5.6,21.5,1.8,0.5,9.8,16.8,1.8,0.7,2.5,0.158,1.5,0.6,2.0,0.7,0,conlemi01,2022,201144.0
113.0,Marcus Smart,28.0,BOS,PG,61,61,1957,12.1,0.538,0.568,0.196,2.6,8.0,5.3,26.4,2.3,1.0,17.9,17.8,1.0,2.7,3.7,0.092,-1.8,0.8,-1.0,0.5,0,smartma01,2022,203935.0
114.0,Kyle Anderson,29.0,MIN,PF,69,46,1957,14.8,0.583,0.212,0.275,3.8,16.9,10.5,22.6,1.9,2.8,15.7,14.4,2.5,2.6,5.1,0.125,0.2,2.3,2.5,2.2,0,anderky01,2022,203937.0
123.0,Al Horford,36.0,BOS,C,63,63,1922,13.8,0.631,0.678,0.044,4.2,17.7,11.1,13.2,0.8,2.7,7.0,11.9,3.6,2.7,6.3,0.157,1.6,1.7,3.3,2.5,0,horfoal01,2022,201143.0
145.0,Michael Porter Jr.,24.0,DEN,SF,62,62,1798,16.8,0.621,0.556,0.147,4.2,17.2,10.9,5.3,1.0,1.4,7.3,22.7,2.6,1.8,4.3,0.116,2.0,-1.8,0.2,1.0,0,portemi01,2022,1629008.0
153.0,Malcolm Brogdon,30.0,BOS,PG,67,0,1744,18.2,0.615,0.406,0.251,2.7,14.7,8.8,21.5,1.3,0.9,10.8,22.8,3.6,2.2,5.8,0.161,2.3,0.6,2.8,2.1,6MOY-1,brogdma01,2022,1627763.0
167.0,Reggie Jackson,32.0,DEN,PG,16,2,319,9.0,0.476,0.531,0.094,1.1,8.8,5.0,20.9,1.4,0.3,12.5,20.8,-0.2,0.2,0.1,0.008,-3.8,-1.3,-5.1,-0.3,0,jacksre01,2022,202704.0
169.0,Isaiah Hartenstein,24.0,NYK,C,82,8,1626,14.2,0.567,0.113,0.217,14.1,22.2,18.1,8.3,1.6,3.7,15.6,11.2,2.2,2.4,4.6,0.136,-1.5,1.2,-0.3,0.7,0,harteis01,2022,1628392.0
171.0,Mitchell Robinson,24.0,NYK,C,59,58,1591,18.9,0.652,0.0,0.436,18.4,20.0,19.2,4.5,1.7,6.5,10.9,10.1,4.0,2.6,6.5,0.197,1.0,1.4,2.4,1.7,0,robinmi01,2022,1629011.0
201.0,Isaiah Joe,23.0,OKC,SG,73,10,1395,14.5,0.626,0.776,0.197,2.0,11.6,6.7,8.7,1.6,0.5,6.6,17.7,2.5,1.3,3.8,0.131,1.3,-0.4,0.9,1.0,0,joeis01,2022,1630198.0
214.0,Aaron Wiggins,24.0,OKC,SG,70,14,1297,12.2,0.607,0.336,0.196,5.5,12.0,8.7,8.3,1.4,1.1,12.2,14.5,1.4,1.2,2.6,0.097,-1.5,-0.5,-2.1,0.0,0,wiggiaa01,2022,1630598.0
215.0,Sam Hauser,25.0,BOS,SF,80,8,1290,12.7,0.634,0.846,0.043,3.0,14.1,8.6,7.6,1.1,1.4,6.9,14.7,1.8,1.6,3.4,0.128,0.6,0.4,1.0,1.0,0,hausesa01,2022,1630573.0
219.0,Jaylen Nowell,23.0,MIN,SG,65,2,1252,13.7,0.527,0.371,0.158,3.3,11.7,7.6,15.9,1.6,0.3,8.9,25.0,0.0,1.2,1.2,0.046,-1.5,-1.0,-2.5,-0.2,0,nowelja01,2022,1629669.0
220.0,Naz Reid,23.0,MIN,C,68,11,1251,18.5,0.617,0.376,0.22,6.6,22.8,14.9,9.6,1.6,3.7,12.7,24.8,1.1,1.9,3.0,0.114,0.3,0.8,1.0,1.0,0,reidna01,2022,1629675.0
229.0,Kenrich Williams,28.0,OKC,PF,53,10,1206,14.4,0.585,0.387,0.113,8.5,14.9,11.6,11.7,1.8,1.1,8.1,13.7,2.0,1.3,3.3,0.133,0.1,0.4,0.5,0.8,0,willike04,2022,1629026.0
234.0,Taurean Prince,28.0,MIN,PF,54,4,1192,10.0,0.597,0.512,0.203,1.4,10.8,6.2,9.6,1.1,1.1,14.3,17.3,0.3,1.0,1.3,0.052,-2.6,-0.6,-3.3,-0.4,0,princta02,2022,1627752.0
238.0,Tre Mann,21.0,OKC,PG,67,5,1183,10.0,0.492,0.513,0.11,2.4,11.8,7.0,14.0,1.6,0.9,10.6,20.7,-0.6,1.1,0.5,0.021,-3.0,-1.0,-3.9,-0.6,0,manntr01,2022,1630544.0
240.0,Christian Braun,21.0,DEN,SG,76,6,1181,10.3,0.568,0.332,0.221,4.8,12.6,8.8,6.4,1.7,1.3,9.9,13.0,0.7,1.2,1.9,0.079,-2.5,0.1,-2.4,-0.1,0,braunch01,2022,1631128.0
252.0,Jeff Green,36.0,DEN,PF,56,4,1091,11.0,0.576,0.317,0.357,4.1,10.9,7.6,8.3,0.8,1.4,10.8,17.0,0.8,0.8,1.7,0.074,-2.4,-1.0,-3.4,-0.4,0,greenje02,2022,201145.0
254.0,Bones Hyland,22.0,DEN,PG,42,1,820,14.5,0.54,0.555,0.189,1.4,10.4,6.0,22.0,1.7,1.4,12.5,28.5,0.1,0.8,0.9,0.051,0.6,-1.4,-0.8,0.3,0,hylanbo01,2022,1630538.0
256.0,Thomas Bryant,25.0,DEN,C,18,1,205,11.8,0.547,0.132,0.265,11.0,22.4,16.8,1.3,0.5,3.0,11.6,18.2,0.0,0.2,0.3,0.066,-4.4,-2.2,-6.6,-0.2,0,bryanth01,2022,1628418.0
257.0,Obi Toppin,24.0,NYK,PF,67,5,1050,13.6,0.565,0.589,0.112,3.0,16.6,9.8,9.2,1.1,1.1,8.0,19.5,1.1,1.0,2.1,0.095,0.3,-0.8,-0.5,0.4,0,toppiob01,2022,1630167.0
263.0,Austin Rivers,30.0,MIN,SG,52,10,1016,7.4,0.564,0.589,0.187,0.6,8.4,4.6,9.3,1.3,0.3,9.2,10.5,0.5,0.8,1.3,0.061,-3.3,0.5,-2.8,-0.2,0,riverau01,2022,203085.0
267.0,Cam Reddish,23.0,NYK,SF,20,8,438,10.6,0.558,0.412,0.243,1.7,6.0,3.9,6.3,1.7,1.7,9.1,16.2,0.3,0.4,0.7,0.071,-2.2,0.0,-2.3,0.0,0,reddica01,2022,1629629.0
275.0,Karl-Anthony Towns,27.0,MIN,PF,29,29,957,18.8,0.618,0.383,0.315,5.7,21.6,13.8,22.0,1.0,1.5,15.0,25.6,1.5,1.1,2.7,0.133,2.1,0.9,3.0,1.2,0,townska01,2022,1626157.0
279.0,Mike Muscala,31.0,OKC,C,43,5,622,13.8,0.602,0.7,0.192,3.9,19.7,11.6,8.2,0.8,2.8,6.0,15.7,1.0,0.7,1.7,0.134,0.3,-0.1,0.1,0.3,0,muscami01,2022,203488.0
279.0,Mike Muscala,31.0,BOS,C,20,4,323,11.6,0.623,0.73,0.146,4.8,18.0,11.5,5.0,0.6,1.3,8.7,14.0,0.4,0.4,0.8,0.116,-1.5,0.1,-1.4,0.1,0,muscami01,2022,203488.0
283.0,Jaylin Williams,20.0,OKC,C,49,36,914,11.2,0.559,0.483,0.231,5.1,23.6,14.1,10.7,1.5,1.2,12.6,13.5,0.7,1.2,1.9,0.099,-2.3,0.6,-1.7,0.1,0,willija07,2022,1631119.0
288.0,Vlatko Čančar,25.0,DEN,PF,60,9,889,11.0,0.606,0.507,0.181,3.2,13.1,8.3,11.5,1.2,1.4,13.1,13.8,0.9,0.8,1.7,0.093,-1.7,-0.1,-1.8,0.0,0,cancavl01,2022,1628427.0
289.0,Nickeil Alexander-Walker,24.0,MIN,SG,23,0,356,9.6,0.503,0.576,0.168,2.2,10.8,6.6,12.0,1.1,1.7,6.9,17.3,0.0,0.3,0.3,0.044,-2.5,-0.5,-3.0,-0.1,0,alexani01,2022,1629638.0
300.0,Robert Williams,25.0,BOS,C,35,20,824,19.8,0.742,0.006,0.241,14.0,24.5,19.3,8.5,1.3,5.0,15.3,11.8,2.3,1.6,3.8,0.224,1.0,2.4,3.3,1.1,0,williro04,2022,1629057.0
305.0,Jeremiah Robinson-Earl,22.0,OKC,PF,43,20,814,13.0,0.548,0.448,0.169,9.2,14.7,11.9,7.0,1.4,1.2,6.7,14.6,1.1,0.8,1.9,0.111,-0.8,-0.7,-1.5,0.1,0,robinje02,2022,1630526.0
307.0,Jericho Sims,24.0,NYK,C,52,16,812,13.8,0.78,0.009,0.15,13.3,19.4,16.4,4.0,0.9,3.2,19.1,7.4,1.6,0.9,2.6,0.153,-1.0,0.5,-0.5,0.3,0,simsje01,2022,1630579.0
310.0,Dario Šarić,28.0,OKC,C,20,0,273,15.9,0.65,0.465,0.323,5.4,20.5,12.8,8.9,1.2,0.7,14.4,20.2,0.4,0.3,0.7,0.127,0.1,-0.2,-0.2,0.1,0,saricda01,2022,203967.0
311.0,Luke Kornet,27.0,BOS,C,69,0,804,16.7,0.697,0.076,0.229,11.9,14.8,13.4,9.1,0.7,4.9,11.8,11.5,2.1,1.2,3.3,0.198,-0.4,1.3,1.0,0.6,0,kornelu01,2022,1628436.0
322.0,Miles McBride,22.0,NYK,PG,64,2,760,8.4,0.475,0.623,0.195,1.9,5.4,3.6,12.4,2.4,1.0,9.7,14.6,0.0,0.7,0.7,0.047,-3.6,1.4,-2.3,-0.1,0,mcbrimi01,2022,1630540.0
327.0,Zeke Nnaji,22.0,DEN,PF,53,5,728,12.5,0.62,0.332,0.316,10.5,11.2,10.9,3.3,1.1,2.8,12.2,15.2,0.9,0.7,1.6,0.106,-2.7,-0.9,-3.7,-0.3,0,nnajize01,2022,1630192.0
330.0,Aleksej Pokusevski,21.0,OKC,PF,34,25,701,13.4,0.522,0.418,0.141,6.8,17.8,12.2,12.4,1.4,5.7,14.0,18.3,0.0,1.0,1.0,0.066,-1.0,1.0,0.0,0.3,0,pokusal01,2022,1630197.0
339.0,Jordan McLaughlin,26.0,MIN,PG,43,0,678,11.8,0.526,0.538,0.124,2.5,7.6,5.1,27.4,2.2,0.5,17.7,11.7,0.7,0.6,1.3,0.094,-1.3,0.6,-0.7,0.2,0,mclaujo01,2022,1629162.0
343.0,Eugene Omoruyi,25.0,OKC,SF,23,2,272,10.6,0.531,0.33,0.298,8.5,12.1,10.3,5.6,2.4,0.0,13.1,18.8,0.0,0.3,0.3,0.052,-4.4,-0.5,-4.9,-0.2,0,omorueu01,2022,1630647.0
344.0,Payton Pritchard,25.0,BOS,PG,48,3,643,10.3,0.536,0.629,0.065,4.3,10.5,7.5,14.0,1.1,0.1,13.7,19.8,-0.1,0.7,0.6,0.045,-2.1,-1.2,-3.4,-0.2,0,pritcpa01,2022,1630202.0
348.0,Darius Bazley,22.0,OKC,C,36,1,555,12.9,0.525,0.285,0.411,5.5,18.3,11.8,7.6,1.6,4.8,10.5,15.7,0.1,0.8,0.9,0.079,-1.8,0.8,-1.0,0.1,0,bazleda01,2022,1629647.0
352.0,DeAndre Jordan,34.0,DEN,C,39,8,586,14.7,0.731,0.009,0.417,10.5,28.6,19.8,7.7,1.0,3.5,26.1,13.7,0.5,0.9,1.4,0.112,-2.4,0.7,-1.8,0.0,0,jordade01,2022,201599.0
353.0,Ousmane Dieng,19.0,OKC,PF,39,1,569,9.3,0.505,0.541,0.127,3.5,16.5,9.9,10.7,1.2,1.1,12.0,15.9,-0.1,0.6,0.4,0.038,-3.1,-0.5,-3.6,-0.2,0,diengou01,2022,1631172.0
354.0,Blake Griffin,33.0,BOS,C,41,16,569,13.1,0.59,0.508,0.246,9.2,20.4,14.9,14.2,1.2,1.4,13.2,12.7,1.0,0.8,1.8,0.153,-1.4,1.5,0.1,0.3,0,griffbl01,2022,201933.0
361.0,Lindy Waters III,25.0,OKC,SG,41,0,531,11.8,0.573,0.91,0.112,3.2,12.2,7.6,7.0,1.3,1.9,5.1,15.5,0.6,0.5,1.1,0.101,0.5,-0.4,0.1,0.3,0,waterli01,2022,1630322.0
374.0,Svi Mykhailiuk,25.0,NYK,SF,13,0,40,15.8,0.739,0.833,0.417,0.0,19.3,9.6,3.5,1.2,0.0,12.3,17.4,0.1,0.0,0.1,0.141,3.6,0.5,4.1,0.1,0,mykhasv01,2022,1629004.0
375.0,Evan Fournier,30.0,NYK,SG,27,7,459,6.9,0.471,0.687,0.127,1.0,10.8,5.9,10.6,1.7,0.6,11.2,18.4,-0.3,0.4,0.1,0.01,-4.0,0.0,-4.0,-0.2,0,fournev01,2022,203095.0
389.0,Ish Smith,34.0,DEN,PG,43,0,398,6.5,0.407,0.092,0.031,1.5,13.8,7.8,32.5,1.0,1.6,24.9,19.3,-0.8,0.4,-0.5,-0.056,-5.5,-1.1,-6.6,-0.5,0,smithis01,2022,202397.0
401.0,Davon Reed,27.0,DEN,SG,35,1,315,5.2,0.456,0.55,0.25,3.4,16.3,10.0,7.3,2.0,1.1,18.4,15.0,-0.4,0.4,-0.1,-0.009,-5.8,-0.3,-6.1,-0.3,0,reedda01,2022,1628432.0
403.0,Derrick Rose,34.0,NYK,PG,27,0,338,10.1,0.463,0.396,0.075,2.6,10.4,6.5,19.9,1.0,1.4,11.8,23.6,-0.3,0.3,0.0,-0.001,-2.2,-1.5,-3.7,-0.1,0,rosede01,2022,201565.0
407.0,Matt Ryan,25.0,MIN,SF,22,0,181,10.6,0.604,0.831,0.119,1.3,6.1,3.7,8.9,0.8,0.5,6.1,15.6,0.2,0.1,0.3,0.084,-0.2,-1.6,-1.7,0.0,0,ryanma01,2022,1630346.0
410.0,Nathan Knight,25.0,MIN,C,38,0,291,14.5,0.655,0.272,0.704,8.6,12.8,10.8,6.1,1.6,1.8,16.5,18.7,0.4,0.3,0.7,0.116,-2.4,-0.8,-3.2,-0.1,0,knighna01,2022,1630233.0
414.0,Bryn Forbes,29.0,MIN,SG,25,0,268,6.2,0.497,0.554,0.181,1.7,4.5,3.1,8.2,1.2,0.7,11.8,16.2,-0.2,0.2,0.0,0.0,-4.8,-1.5,-6.3,-0.3,0,forbebr01,2022,1627854.0
419.0,Luka Garza,24.0,MIN,C,28,0,243,23.0,0.652,0.336,0.448,15.5,13.5,14.5,11.8,0.6,0.7,9.2,26.9,0.9,0.2,1.1,0.211,2.2,-2.6,-0.4,0.1,0,garzalu01,2022,1630568.0
436.0,Peyton Watson,20.0,DEN,SG,23,2,186,12.8,0.553,0.237,0.339,5.1,17.4,11.4,7.9,0.5,5.2,10.6,17.7,0.1,0.2,0.3,0.073,-2.7,-0.1,-2.8,0.0,0,watsope01,2022,1631212.0
440.0,Ryan Arcidiacono,28.0,NYK,PG,11,0,26,3.1,0.3,0.6,0.0,0.0,17.0,8.4,9.3,3.8,0.0,16.7,9.9,0.0,0.0,0.0,-0.012,-8.9,3.8,-5.1,0.0,0,arcidry01,2022,1627853.0
442.0,Noah Vonleh,27.0,BOS,C,23,1,171,5.9,0.502,0.167,0.083,11.7,18.8,15.3,5.1,0.6,4.0,30.7,9.2,0.0,0.3,0.2,0.06,-7.0,0.7,-6.3,-0.2,0,vonleno01,2022,203943.0
450.0,Wendell Moore Jr.,21.0,MIN,SG,29,2,153,9.3,0.465,0.395,0.116,3.0,10.0,6.6,15.3,2.5,2.8,15.0,14.9,-0.1,0.2,0.1,0.028,-3.8,1.3,-2.4,0.0,0,moorewe01,2022,1631111.0
463.0,Olivier Sarr,23.0,OKC,C,9,1,114,11.5,0.544,0.267,0.233,11.1,18.2,14.6,4.6,0.4,4.1,10.8,13.6,0.1,0.1,0.2,0.094,-4.2,-0.7,-4.9,-0.1,0,sarrol01,2022,1630846.0
466.0,A.J. Lawson,22.0,MIN,SG,1,0,2,34.4,1.0,0.0,0.0,0.0,54.9,27.9,0.0,0.0,0.0,0.0,21.4,0.0,0.0,0.0,0.377,-2.3,7.5,5.2,0.0,0,lawsoaj01,2022,1630639.0
467.0,Justin Jackson,27.0,BOS,SF,23,0,107,6.3,0.359,0.741,0.074,2.1,15.1,8.7,10.5,1.8,3.2,6.7,12.2,-0.1,0.2,0.1,0.025,-4.2,1.6,-2.6,0.0,0,jacksju01,2022,1628382.0
469.0,Josh Minott,20.0,MIN,SF,15,0,96,17.9,0.582,0.167,0.222,5.9,22.9,14.6,7.5,2.0,5.4,7.1,18.9,0.1,0.2,0.3,0.146,-1.9,0.4,-1.6,0.0,0,minotjo01,2022,1631169.0
481.0,Jared Butler,22.0,OKC,PG,6,1,77,13.0,0.578,0.438,0.0,1.4,4.3,2.8,15.0,3.1,0.0,13.5,20.1,0.0,0.1,0.1,0.061,-2.2,-0.4,-2.6,0.0,0,butleja02,2022,1630215.0
488.0,Jack White,25.0,DEN,SF,17,0,66,12.6,0.517,0.474,0.158,10.7,18.6,14.8,7.7,2.2,2.7,9.0,14.7,0.1,0.1,0.1,0.108,-2.6,0.7,-1.9,0.0,0,whiteja03,2022,1631298.0
489.0,JD Davison,20.0,BOS,SG,12,0,66,10.1,0.478,0.368,0.105,3.4,11.4,7.4,22.4,1.5,2.6,16.8,15.8,0.0,0.1,0.1,0.059,-4.5,0.4,-4.2,0.0,0,davisjd01,2022,1631120.0
507.0,Mfiondu Kabengele,25.0,BOS,PF,4,0,36,8.1,0.381,0.429,0.286,15.4,14.9,15.2,0.0,2.7,0.0,11.3,10.8,0.0,0.1,0.1,0.067,-6.6,-2.4,-8.9,-0.1,0,kabenmf01,2022,1629662.0
509.0,Justin Champagnie,21.0,BOS,SF,2,0,23,1.5,0.208,0.417,0.0,9.6,9.3,9.5,16.7,2.1,0.0,0.0,22.8,-0.1,0.0,-0.1,-0.145,-10.5,-5.1,-15.5,-0.1,0,champju01,2022,1630551.0
530.0,Trevor Keels,19.0,NYK,SG,3,0,8,3.7,0.375,1.0,0.0,0.0,27.6,13.7,0.0,0.0,0.0,0.0,21.4,0.0,0.0,0.0,-0.062,-7.4,-5.6,-13.0,0.0,0,keelstr01,2022,1631211.0
8.0,Anthony Edwards,22.0,MIN,SG,79,78,2770,19.7,0.575,0.341,0.325,2.2,14.8,8.8,24.6,1.8,1.3,11.9,32.3,2.9,4.7,7.5,0.13,2.7,0.5,3.3,3.7,MVP-7CPOY-8ASNBA2,edwaran01,2023,1630162.0
9.0,Nikola Jokić,28.0,DEN,C,79,79,2737,31.0,0.65,0.164,0.31,9.3,29.6,19.8,42.0,2.0,2.1,12.9,29.3,12.0,5.1,17.0,0.299,9.0,4.2,13.2,10.6,MVP-1CPOY-4ASNBA1,jokicni01,2023,203999.0
10.0,Jalen Brunson,27.0,NYK,PG,77,77,2726,23.4,0.592,0.319,0.302,1.8,9.7,5.7,33.5,1.3,0.4,9.1,32.5,8.8,2.4,11.2,0.198,6.3,-0.4,5.8,5.4,MVP-5CPOY-5ASNBA2,brunsja01,2023,1628973.0
11.0,Josh Hart,28.0,NYK,SF,81,42,2707,11.8,0.522,0.38,0.169,5.3,22.8,14.0,16.3,1.4,0.8,13.9,13.5,2.0,3.6,5.7,0.1,-1.3,1.4,0.0,1.4,0,hartjo01,2023,1628404.0
16.0,Jayson Tatum,25.0,BOS,PF,74,74,2645,22.3,0.604,0.427,0.349,2.9,20.9,12.3,21.0,1.4,1.4,10.3,30.2,6.4,4.1,10.4,0.189,4.5,0.6,5.1,4.7,MVP-6CPOY-9ASNBA1,tatumja01,2023,1628369.0
22.0,Rudy Gobert,31.0,MIN,C,76,76,2593,19.3,0.675,0.005,0.635,13.1,29.2,21.5,5.6,1.0,5.5,13.1,15.4,5.8,5.8,11.6,0.216,0.1,1.7,1.8,2.5,DPOY-1,goberru01,2023,203497.0
27.0,Michael Porter Jr.,25.0,DEN,SF,81,81,2565,15.5,0.601,0.513,0.102,4.7,19.3,12.2,6.7,0.8,1.8,7.5,20.7,3.1,3.1,6.2,0.115,1.2,-1.2,0.1,1.3,0,portemi01,2023,1629008.0
28.0,Shai Gilgeous-Alexander,25.0,OKC,PG,75,75,2553,29.3,0.636,0.181,0.436,3.0,14.7,9.1,29.8,2.8,2.4,8.4,32.8,10.5,4.2,14.6,0.275,6.7,2.3,9.0,7.1,MVP-2DPOY-7CPOY-3ASNBA1,gilgesh01,2023,1628983.0
40.0,Chet Holmgren,21.0,OKC,C,82,82,2413,20.4,0.632,0.366,0.289,6.2,23.1,15.0,11.6,1.1,7.3,10.9,21.6,4.6,4.4,8.9,0.178,1.8,1.5,3.4,3.3,ROY-2,holmgch01,2023,1631096.0
42.0,Kentavious Caldwell-Pope,30.0,DEN,SG,76,76,2402,10.7,0.602,0.525,0.193,1.5,6.8,4.2,9.5,2.0,1.5,10.5,12.9,2.2,2.6,4.8,0.096,-2.1,0.7,-1.4,0.4,0,caldwke01,2023,203484.0
45.0,Derrick White,29.0,BOS,SG,73,73,2381,16.9,0.611,0.59,0.181,2.4,11.3,7.0,21.2,1.5,3.2,11.0,18.6,5.2,3.3,8.5,0.171,2.4,1.4,3.8,3.5,DPOY-8,whitede01,2023,1628401.0
48.0,Donte DiVincenzo,27.0,NYK,SG,81,63,2360,16.0,0.597,0.702,0.114,3.0,11.2,7.1,13.7,2.3,1.4,9.7,21.3,3.6,3.0,6.6,0.135,2.5,0.9,3.4,3.2,0,divindo01,2023,1628978.0
50.0,Jaylen Brown,27.0,BOS,SF,70,70,2343,18.6,0.58,0.326,0.239,4.0,13.4,8.9,16.6,1.8,1.4,10.7,28.9,2.7,3.2,5.9,0.121,0.9,-0.1,0.7,1.6,AS,brownja02,2023,1627759.0
55.0,Aaron Gordon,28.0,DEN,PF,73,73,2297,16.8,0.607,0.193,0.376,8.6,13.9,11.4,15.2,1.2,1.7,11.2,17.8,4.5,2.6,7.1,0.148,1.2,0.1,1.3,1.9,0,gordoaa01,2023,203932.0
58.0,Jrue Holiday,33.0,BOS,PG,69,69,2263,14.4,0.597,0.467,0.104,4.2,13.2,8.9,19.3,1.3,2.1,14.7,16.3,3.3,3.0,6.3,0.133,1.0,1.1,2.1,2.4,DPOY-6,holidjr01,2023,201950.0
61.0,Luguentz Dort,24.0,OKC,SF,79,79,2246,11.1,0.593,0.603,0.236,3.8,10.0,7.0,6.3,1.5,1.9,9.3,15.4,2.0,2.5,4.6,0.097,-1.4,-0.2,-1.6,0.2,0,dortlu01,2023,1629652.0
65.0,Jalen Williams,22.0,OKC,PF,71,71,2223,19.1,0.621,0.243,0.223,1.9,11.8,7.1,21.3,1.7,1.9,10.1,23.7,4.5,2.7,7.3,0.157,2.0,0.3,2.3,2.4,CPOY-12,willija06,2023,1631114.0
70.0,Mike Conley,36.0,MIN,PG,76,76,2193,15.8,0.627,0.629,0.174,2.0,9.0,5.6,28.4,2.0,0.7,12.8,16.0,5.0,3.3,8.2,0.18,2.0,1.4,3.4,3.0,0,conlemi01,2023,201144.0
83.0,Jaden McDaniels,23.0,MIN,SF,72,71,2105,9.4,0.571,0.406,0.126,3.2,8.7,6.0,6.8,1.5,1.8,11.6,15.7,0.3,3.1,3.4,0.077,-3.3,0.7,-2.6,-0.3,0,mcdanja02,2023,1630183.0
100.0,Karl-Anthony Towns,28.0,MIN,PF,62,62,2026,18.8,0.625,0.344,0.307,5.5,22.6,14.4,15.1,1.0,1.8,14.1,27.4,2.6,3.6,6.3,0.148,1.6,0.9,2.5,2.3,AS,townska01,2023,1626157.0
103.0,Josh Giddey,21.0,OKC,SG,80,80,2011,16.6,0.547,0.287,0.146,6.4,21.5,14.2,26.6,1.2,2.0,15.7,23.1,1.4,2.9,4.3,0.102,1.0,0.4,1.5,1.8,0,giddejo01,2023,1630581.0
108.0,Immanuel Quickley,24.0,NYK,SG,30,0,720,17.1,0.598,0.484,0.281,0.8,11.3,6.0,15.9,1.1,0.4,7.6,24.4,1.6,0.6,2.2,0.149,2.7,-0.2,2.5,0.8,0,quickim01,2023,1630193.0
110.0,Naz Reid,24.0,MIN,PF,81,14,1964,16.0,0.595,0.479,0.174,4.4,19.3,12.2,8.3,1.6,3.3,10.8,23.1,1.1,3.8,4.9,0.12,0.4,1.1,1.5,1.7,6MOY-1,reidna01,2023,1629675.0
119.0,Nickeil Alexander-Walker,25.0,MIN,SG,82,20,1921,10.9,0.578,0.623,0.121,2.2,7.5,4.9,14.5,1.6,1.9,11.8,14.8,1.5,2.8,4.3,0.107,-1.1,1.3,0.2,1.1,0,alexani01,2023,1629638.0
124.0,Isaiah Hartenstein,25.0,NYK,C,75,49,1896,18.9,0.67,0.008,0.43,14.4,22.7,18.5,13.5,2.3,4.2,17.6,12.0,4.6,3.5,8.1,0.204,0.7,2.8,3.5,2.6,0,harteis01,2023,1628392.0
132.0,Jamal Murray,26.0,DEN,PG,59,59,1861,20.7,0.586,0.346,0.187,2.6,11.6,7.2,31.2,1.5,1.8,10.5,27.9,3.8,2.1,5.9,0.153,4.5,-0.4,4.1,2.9,0,murraja01,2023,1627750.0
133.0,RJ Barrett,23.0,NYK,SG,26,26,766,14.3,0.536,0.335,0.32,2.8,13.5,8.1,12.8,0.8,1.1,9.6,27.6,0.4,0.7,1.1,0.07,-0.3,-1.7,-2.0,0.0,0,barrerj01,2023,1629628.0
137.0,Payton Pritchard,26.0,BOS,PG,82,5,1825,15.3,0.597,0.602,0.088,4.3,11.1,7.8,20.7,1.1,0.3,8.5,17.2,4.2,1.9,6.1,0.16,1.3,-0.2,1.0,1.4,0,pritcpa01,2023,1630202.0
140.0,Reggie Jackson,33.0,DEN,PG,82,23,1817,11.7,0.521,0.376,0.13,2.1,7.2,4.7,23.0,1.2,0.6,11.7,21.7,0.6,1.5,2.1,0.056,-1.8,-1.5,-3.2,-0.6,0,jacksre01,2023,202704.0
145.0,Kyle Anderson,30.0,MIN,PF,79,10,1782,12.7,0.513,0.111,0.316,4.0,13.0,8.7,25.0,2.0,2.3,15.6,14.5,1.4,3.1,4.5,0.121,-1.6,2.7,1.1,1.4,0,anderky01,2023,203937.0
152.0,Sam Hauser,26.0,BOS,SF,79,13,1741,13.0,0.629,0.833,0.034,2.9,13.7,8.6,6.2,1.1,1.3,5.3,15.0,2.7,2.1,4.9,0.134,1.2,0.0,1.2,1.4,0,hausesa01,2023,1630573.0
153.0,Al Horford,37.0,BOS,C,65,33,1740,15.0,0.65,0.616,0.072,5.3,19.7,12.8,12.3,1.1,3.1,10.0,12.0,3.5,2.7,6.2,0.172,1.7,2.0,3.6,2.5,0,horfoal01,2023,201143.0
157.0,OG Anunoby,26.0,NYK,SF,23,23,802,13.0,0.591,0.406,0.168,3.2,11.1,7.1,6.2,2.5,2.7,12.1,16.8,0.5,1.1,1.6,0.097,-1.3,1.8,0.6,0.5,0,anunoog01,2023,1628384.0
160.0,Cason Wallace,20.0,OKC,SG,82,13,1692,12.0,0.612,0.529,0.084,3.6,8.6,6.2,8.9,2.2,2.0,8.9,12.9,1.9,2.1,4.0,0.115,-0.9,1.0,0.1,0.9,0,wallaca01,2023,1631536.0
161.0,Kristaps Porziņģis,28.0,BOS,C,57,57,1690,23.2,0.647,0.39,0.402,6.5,19.1,13.1,10.0,1.2,5.8,9.1,25.1,4.9,3.0,7.9,0.226,3.5,1.6,5.1,3.0,0,porzikr01,2023,204001.0
167.0,Christian Braun,22.0,DEN,SG,82,4,1655,12.1,0.554,0.34,0.277,5.4,14.8,10.2,10.2,1.3,1.8,9.2,15.7,1.5,2.0,3.4,0.1,-1.7,-0.2,-1.9,0.0,0,braunch01,2023,1631128.0
170.0,Julius Randle,29.0,NYK,PF,46,46,1630,18.9,0.569,0.292,0.361,6.8,22.4,14.6,22.8,0.8,0.7,14.1,29.9,1.9,1.9,3.8,0.113,2.2,-0.3,1.9,1.6,AS,randlju01,2023,203944.0
171.0,Precious Achiuwa,24.0,NYK,PF,49,18,1187,14.5,0.564,0.167,0.234,13.3,19.9,16.6,6.2,1.3,4.4,14.1,14.0,1.2,1.8,3.0,0.122,-1.9,0.5,-1.4,0.2,0,achiupr01,2023,1630173.0
188.0,Peyton Watson,21.0,DEN,SF,80,4,1488,11.8,0.539,0.34,0.237,4.3,14.6,9.6,7.4,1.4,5.0,10.5,16.2,0.3,2.2,2.5,0.079,-3.0,0.8,-2.2,-0.1,0,watsope01,2023,1631212.0
191.0,Bojan Bogdanović,34.0,NYK,SF,29,0,557,10.1,0.549,0.496,0.176,1.8,9.9,5.8,7.1,0.6,0.2,12.1,24.3,-0.2,0.4,0.2,0.021,-2.4,-2.5,-4.9,-0.4,0,bogdabo02,2023,202711.0
195.0,Isaiah Joe,24.0,OKC,SG,78,1,1445,13.4,0.626,0.728,0.107,2.6,11.0,6.9,8.9,1.5,1.4,8.5,16.6,1.9,1.6,3.5,0.116,1.1,-0.3,0.9,1.0,0,joeis01,2023,1630198.0
209.0,Miles McBride,23.0,NYK,PG,68,14,1328,13.1,0.59,0.586,0.11,2.6,5.9,4.2,12.2,1.9,0.5,5.9,16.4,2.4,1.3,3.6,0.131,-0.4,0.4,-0.1,0.6,0,mcbrimi01,2023,1630540.0
222.0,Gordon Hayward,33.0,OKC,SF,26,3,447,10.3,0.56,0.274,0.368,3.4,12.2,8.0,11.5,1.3,0.2,10.9,13.4,0.4,0.5,0.8,0.088,-2.4,-0.2,-2.6,-0.1,0,haywago01,2023,202330.0
224.0,Aaron Wiggins,25.0,OKC,SG,78,4,1228,15.6,0.664,0.334,0.188,5.7,11.0,8.4,9.3,2.2,1.4,12.1,16.4,2.1,1.6,3.7,0.144,0.4,0.4,0.7,0.8,0,wiggiaa01,2023,1630598.0
227.0,Alec Burks,32.0,NYK,SG,23,1,311,6.5,0.42,0.509,0.202,2.9,11.6,7.2,9.2,1.1,0.3,8.3,26.9,-0.6,0.3,-0.4,-0.055,-4.9,-3.0,-7.8,-0.5,0,burksal01,2023,202692.0
230.0,Vasilije Micić,30.0,OKC,PG,30,0,361,8.0,0.498,0.495,0.209,0.3,6.8,3.7,25.7,1.2,0.8,22.6,15.4,-0.1,0.3,0.2,0.021,-3.9,-1.4,-5.3,-0.3,0,micicva01,2023,1631546.0
255.0,Dalano Banton,24.0,BOS,PG,24,1,171,9.9,0.468,0.314,0.392,7.9,13.9,11.0,13.9,1.4,1.5,14.3,17.8,0.0,0.2,0.2,0.063,-4.7,0.6,-4.1,-0.1,0,bantoda01,2023,1630625.0
258.0,Kenrich Williams,29.0,OKC,PF,69,1,1029,11.9,0.568,0.504,0.05,6.9,15.4,11.3,11.4,1.8,0.8,10.1,13.4,1.1,1.3,2.5,0.115,-1.1,0.3,-0.8,0.3,0,willike04,2023,1629026.0
260.0,Quentin Grimes,23.0,NYK,SG,45,18,910,9.5,0.543,0.741,0.119,1.7,9.2,5.4,7.8,1.7,0.3,6.5,15.3,0.7,0.9,1.5,0.081,-1.9,0.4,-1.5,0.1,0,grimequ01,2023,1629656.0
270.0,Tre Mann,22.0,OKC,PG,13,0,119,14.2,0.606,0.475,0.025,3.9,18.0,11.2,22.3,1.2,0.0,18.2,18.0,0.1,0.1,0.3,0.102,0.4,-0.2,0.1,0.1,0,manntr01,2023,1630544.0
272.0,Luke Kornet,28.0,BOS,C,63,7,983,19.8,0.736,0.005,0.266,13.5,15.1,14.3,8.9,1.2,5.5,8.5,11.0,3.5,1.6,5.1,0.248,1.6,1.8,3.4,1.3,0,kornelu01,2023,1628436.0
274.0,Xavier Tillman Sr.,25.0,BOS,PF,20,2,274,13.3,0.579,0.424,0.106,5.8,15.1,10.6,9.3,1.6,2.9,6.7,11.8,0.4,0.4,0.8,0.142,-1.3,1.3,0.0,0.1,0,tillmxa01,2023,1630214.0
283.0,Jaylin Williams,21.0,OKC,C,69,1,897,12.7,0.561,0.632,0.18,4.7,23.7,14.5,15.0,1.5,2.8,12.1,13.5,1.0,1.5,2.4,0.13,-0.8,1.9,1.1,0.7,0,willija07,2023,1631119.0
289.0,Malachi Flynn,25.0,NYK,PG,14,0,60,12.5,0.557,0.565,0.478,0.0,11.3,5.6,14.1,0.8,0.0,9.7,22.2,0.1,0.0,0.1,0.093,-1.7,-0.9,-2.6,0.0,0,flynnma01,2023,1630201.0
293.0,Justin Holiday,34.0,DEN,SG,58,9,862,9.7,0.598,0.701,0.021,1.2,7.8,4.6,9.5,2.1,0.9,6.7,10.6,0.9,0.9,1.8,0.101,-2.5,0.9,-1.6,0.1,0,holidju01,2023,203200.0
298.0,Troy Brown Jr.,24.0,MIN,SF,37,3,410,11.6,0.603,0.712,0.186,4.1,15.4,10.0,11.7,1.0,0.4,12.4,15.7,0.4,0.6,1.0,0.118,-0.2,0.5,0.4,0.2,0,browntr01,2023,1628972.0
303.0,Bismack Biyombo,31.0,OKC,C,10,0,73,8.9,0.58,0.0,0.667,7.9,19.1,13.7,3.3,0.7,3.8,20.5,11.6,0.0,0.1,0.1,0.066,-5.4,0.2,-5.2,-0.1,0,biyombi01,2023,202687.0
306.0,Mitchell Robinson,25.0,NYK,C,31,21,768,16.1,0.554,0.0,0.52,20.7,17.7,19.2,3.1,2.4,4.3,13.8,10.2,1.2,1.3,2.5,0.155,-0.3,0.4,0.0,0.4,0,robinmi01,2023,1629011.0
323.0,Dāvis Bertāns,31.0,OKC,PF,15,0,91,17.3,0.675,0.923,0.577,2.5,9.4,6.1,12.2,1.6,3.1,3.0,16.0,0.3,0.1,0.4,0.229,3.2,0.8,4.0,0.1,0,bertada01,2023,202722.0
329.0,Oshae Brissett,25.0,BOS,SF,55,1,630,12.8,0.53,0.359,0.542,10.9,16.3,13.7,8.7,1.5,1.1,9.5,14.5,0.8,0.9,1.7,0.131,-2.0,0.2,-1.8,0.0,0,brissos01,2023,1629052.0
331.0,Jordan McLaughlin,27.0,MIN,PG,56,0,626,15.5,0.638,0.614,0.124,3.4,9.4,6.5,23.7,2.8,1.0,11.1,12.1,1.4,1.1,2.5,0.193,1.4,2.9,4.2,1.0,0,mclaujo01,2023,1629162.0
337.0,Mike Muscala,32.0,OKC,C,16,0,91,4.3,0.379,0.5,0.045,8.9,16.5,12.9,5.3,0.5,1.0,15.1,12.6,-0.1,0.1,0.0,-0.017,-6.4,-1.6,-8.0,-0.1,0,muscami01,2023,203488.0
338.0,Jericho Sims,25.0,NYK,C,45,11,585,10.9,0.702,0.0,0.436,10.7,17.5,14.1,5.4,0.7,3.0,19.6,6.0,0.9,0.7,1.5,0.127,-2.4,0.7,-1.8,0.0,0,simsje01,2023,1630579.0
340.0,Shake Milton,27.0,MIN,SG,38,0,491,8.3,0.496,0.331,0.275,1.7,9.7,5.9,14.1,1.6,0.9,13.5,18.7,-0.3,0.7,0.4,0.039,-4.8,0.6,-4.2,-0.3,0,miltosh01,2023,1629003.0
340.0,Shake Milton,27.0,NYK,SG,6,0,27,13.8,0.557,0.222,0.222,0.0,25.0,12.5,20.9,1.9,0.0,0.0,15.8,0.1,0.0,0.1,0.201,-5.7,2.2,-3.5,0.0,0,miltosh01,2023,1629003.0
342.0,Evan Fournier,31.0,NYK,SG,3,0,39,2.2,0.287,0.75,0.1,0.0,11.6,5.8,10.2,5.2,0.0,4.6,24.2,-0.2,0.1,-0.1,-0.108,-11.8,0.4,-11.3,-0.1,0,fournev01,2023,203095.0
343.0,Zeke Nnaji,23.0,DEN,PF,58,0,576,12.4,0.528,0.154,0.416,12.1,12.2,12.1,7.0,1.3,5.6,13.3,15.4,0.4,0.8,1.2,0.099,-3.8,0.1,-3.7,-0.2,0,nnajize01,2023,1630192.0
348.0,Lamar Stevens,26.0,BOS,PF,19,1,122,14.5,0.532,0.178,0.244,11.1,16.1,13.7,8.9,2.4,3.6,15.3,21.0,0.0,0.2,0.2,0.093,-2.9,0.9,-2.0,0.0,0,stevela01,2023,1630205.0
351.0,Julian Strawther,21.0,DEN,SF,50,0,545,8.2,0.482,0.622,0.14,1.0,11.1,6.2,11.3,1.5,1.1,8.9,20.7,-0.4,0.6,0.2,0.015,-4.6,-1.4,-6.0,-0.6,0,strawju01,2023,1631556.0
360.0,Jaden Springer,21.0,BOS,SG,17,1,130,10.9,0.522,0.367,0.267,6.9,9.6,8.3,8.6,4.2,2.7,19.3,13.9,0.0,0.3,0.2,0.092,-6.0,2.8,-3.2,0.0,0,sprinja01,2023,1630531.0
365.0,Monte Morris,28.0,MIN,PG,27,0,408,13.9,0.537,0.492,0.142,1.5,10.6,6.3,20.4,2.2,1.7,3.8,14.3,0.6,0.7,1.3,0.154,-0.2,2.2,2.0,0.4,0,morrimo01,2023,1628420.0
381.0,Svi Mykhailiuk,26.0,BOS,SF,41,2,413,11.7,0.575,0.788,0.066,3.0,10.0,6.7,11.0,1.3,0.2,7.8,16.1,0.5,0.4,0.9,0.106,-0.9,-0.9,-1.8,0.0,0,mykhasv01,2023,1629004.0
383.0,Aleksej Pokusevski,22.0,OKC,PF,10,0,60,2.5,0.338,0.688,0.25,3.9,14.3,9.3,9.7,0.8,1.5,14.5,15.0,-0.1,0.1,-0.1,-0.063,-7.7,-2.2,-9.9,-0.1,0,pokusal01,2023,1630197.0
387.0,DeAndre Jordan,35.0,DEN,C,36,2,396,16.0,0.61,0.0,0.57,15.6,28.0,22.0,8.5,0.8,3.4,16.5,15.4,0.6,0.6,1.2,0.147,-1.7,-0.1,-1.7,0.0,0,jordade01,2023,201599.0
396.0,Ousmane Dieng,20.0,OKC,PF,33,0,365,10.1,0.54,0.603,0.138,3.2,12.0,7.8,12.9,1.1,1.3,13.4,16.9,0.0,0.4,0.4,0.055,-2.3,-0.7,-3.0,-0.1,0,diengou01,2023,1631172.0
404.0,Neemias Queta,24.0,BOS,C,28,0,333,22.9,0.662,0.0,0.269,17.9,21.5,19.8,8.5,1.9,5.5,10.1,16.9,1.1,0.7,1.8,0.259,0.4,1.1,1.5,0.3,0,quetane01,2023,1629674.0
419.0,Lindy Waters III,26.0,OKC,SG,38,0,280,15.3,0.653,0.817,0.019,2.9,12.6,8.0,11.5,0.9,2.3,6.3,17.3,0.6,0.3,0.9,0.15,2.4,-0.5,1.9,0.3,0,waterli01,2023,1630322.0
429.0,Collin Gillespie,24.0,DEN,PG,24,0,225,11.0,0.586,0.551,0.174,0.5,9.6,5.2,15.5,2.9,0.0,15.9,17.1,0.1,0.3,0.4,0.076,-3.7,0.9,-2.7,0.0,0,gilleco01,2023,1631221.0
435.0,Taj Gibson,38.0,NYK,PF,16,1,165,3.2,0.335,0.261,0.087,6.8,12.3,9.5,6.7,0.6,3.4,17.3,7.6,-0.1,0.2,0.1,0.019,-6.9,0.0,-6.9,-0.2,0,gibsota01,2023,201959.0
460.0,T.J. Warren,30.0,MIN,SF,11,0,125,9.2,0.479,0.317,0.098,4.8,14.8,10.0,10.1,1.6,0.7,8.6,16.5,0.0,0.2,0.2,0.06,-5.0,0.5,-4.5,-0.1,0,warretj01,2023,203933.0
462.0,Luka Garza,25.0,MIN,C,25,0,122,21.8,0.576,0.427,0.333,18.6,10.7,14.4,5.9,1.6,0.7,6.5,33.3,0.2,0.2,0.4,0.166,0.6,-2.7,-2.1,0.0,0,garzalu01,2023,1630568.0
464.0,Jalen Pickett,24.0,DEN,SG,27,0,122,9.7,0.571,0.714,0.114,0.9,11.5,6.4,21.7,1.6,0.0,19.7,16.4,0.0,0.1,0.2,0.065,-2.7,-0.5,-3.3,0.0,0,pickeja02,2023,1631566.0
474.0,Dylan Windler,27.0,NYK,SF,3,0,7,15.5,0.75,1.0,0.0,0.0,16.1,8.0,20.0,0.0,0.0,0.0,12.3,0.0,0.0,0.0,0.238,3.7,3.8,7.4,0.0,0,windldy01,2023,1629685.0
479.0,Olivier Sarr,24.0,OKC,C,15,0,98,14.8,0.664,0.316,0.789,11.8,28.5,20.5,2.5,0.0,6.6,10.5,12.7,0.2,0.2,0.4,0.186,-2.6,-0.1,-2.6,0.0,0,sarrol01,2023,1630846.0
481.0,Josh Minott,21.0,MIN,SF,32,0,91,20.4,0.593,0.278,0.389,5.2,15.5,10.6,13.2,2.7,4.9,4.5,21.4,0.2,0.2,0.4,0.222,1.8,3.3,5.1,0.2,0,minotjo01,2023,1631169.0
487.0,Jordan Walsh,19.0,BOS,SF,9,1,83,8.4,0.472,0.6,0.133,6.8,18.7,13.0,7.2,3.0,1.1,15.9,9.9,0.0,0.2,0.2,0.089,-5.6,1.8,-3.8,0.0,0,walshjo01,2023,1631576.0
494.0,Wendell Moore Jr.,22.0,MIN,SG,25,0,75,8.6,0.5,0.333,0.0,0.0,17.4,9.1,10.9,3.3,1.2,18.2,13.0,-0.1,0.2,0.1,0.052,-6.1,3.3,-2.8,0.0,0,moorewe01,2023,1631111.0
502.0,Keyontae Johnson,23.0,OKC,SF,9,0,66,1.6,0.344,0.188,0.0,7.0,9.8,8.4,7.2,0.7,0.0,20.0,13.1,-0.1,0.1,-0.1,-0.068,-7.5,-2.2,-9.8,-0.1,0,johnske08,2023,1631586.0
510.0,Braxton Key,26.0,DEN,SF,20,0,60,16.5,0.536,0.294,0.471,5.7,26.9,16.6,18.8,1.7,1.4,4.6,15.7,0.1,0.1,0.2,0.18,0.5,1.6,2.1,0.1,0,keybr01,2023,1630296.0
516.0,Leonard Miller,20.0,MIN,SF,17,0,52,27.0,0.694,0.25,0.1,11.5,31.3,21.8,25.5,1.9,1.7,4.6,18.6,0.2,0.1,0.3,0.323,5.9,3.7,9.6,0.2,0,millele01,2023,1631596.0
519.0,Daishen Nix,21.0,MIN,PG,15,0,50,12.3,0.507,0.708,0.25,2.4,4.3,3.4,17.8,4.9,0.0,15.8,28.0,-0.1,0.1,0.0,0.014,-2.8,1.4,-1.4,0.0,0,nixda01,2023,1630227.0
520.0,Jay Huff,25.0,DEN,C,20,0,49,18.5,0.724,0.6,0.133,4.7,19.8,12.4,5.6,2.0,5.2,5.9,15.0,0.1,0.1,0.2,0.212,-0.3,1.6,1.3,0.0,0,huffja01,2023,1630643.0
521.0,Hunter Tyson,23.0,DEN,PF,18,0,48,6.0,0.5,0.7,0.0,2.4,18.0,10.4,5.6,1.0,0.0,9.1,20.0,0.0,0.1,0.0,0.007,-6.8,-2.1,-8.9,-0.1,0,tysonhu01,2023,1631606.0
523.0,DaQuan Jeffries,26.0,NYK,SG,17,0,46,3.1,0.391,0.588,0.118,0.0,12.2,6.1,14.9,0.0,2.0,14.4,19.6,-0.1,0.0,-0.1,-0.087,-5.6,-2.5,-8.1,-0.1,0,jeffrda01,2023,1629610.0
524.0,Ryan Arcidiacono,29.0,NYK,PG,20,0,45,-2.0,0.0,1.0,0.0,0.0,20.0,10.0,10.4,2.2,0.0,25.0,7.7,-0.1,0.1,-0.1,-0.089,-11.5,1.9,-9.6,-0.1,0,arcidry01,2023,1627853.0
532.0,JD Davison,21.0,BOS,SG,8,0,39,18.8,0.581,0.583,0.333,5.8,21.2,13.8,32.9,1.3,2.3,12.7,17.6,0.1,0.1,0.2,0.228,1.8,1.4,3.3,0.1,0,davisjd01,2023,1631120.0
533.0,Jacob Toppin,23.0,NYK,SF,9,0,38,14.3,0.658,0.444,0.222,8.8,11.9,10.3,10.9,0.0,2.5,9.2,12.4,0.1,0.0,0.1,0.161,0.6,-1.3,-0.7,0.0,0,toppija01,2023,1631616.0
535.0,Charlie Brown Jr.,26.0,NYK,SG,8,0,37,-3.2,0.3,0.7,0.0,3.0,3.0,3.0,0.0,0.0,5.1,16.7,14.0,-0.1,0.0,-0.1,-0.124,-10.2,-3.4,-13.6,-0.1,0,brownch02,2023,1629718.0
543.0,Mamadi Diakite,27.0,NYK,PF,3,0,8,-5.2,0.0,1.0,0.0,0.0,14.1,7.0,0.0,6.3,0.0,50.0,10.8,-0.1,0.0,0.0,-0.194,-13.5,0.7,-12.7,0.0,0,diakima01,2023,1629603.0
545.0,Drew Peterson,24.0,BOS,PF,3,0,23,18.5,0.917,0.833,0.0,0.0,4.5,2.3,5.9,4.3,0.0,14.3,13.3,0.1,0.0,0.1,0.194,3.8,1.6,5.3,0.0,0,peterdr01,2023,1631626.0
554.0,Adam Flagler,24.0,OKC,SG,2,0,14,0.6,0.214,0.857,0.0,0.0,0.0,0.0,33.6,0.0,0.0,0.0,21.7,0.0,0.0,0.0,-0.159,-6.7,-3.9,-10.6,0.0,0,flaglad01,2023,1631636.0
570.0,Dmytro Skapintsev,25.0,NYK,C,2,0,2,-19.3,0.0,0.0,0.0,0.0,0.0,0.0,0.0,0.0,0.0,0.0,21.6,0.0,0.0,0.0,-0.483,-16.0,-9.8,-25.9,0.0,0,skapidm01,2023,1631646.0
571.0,Justin Jackson,28.0,MIN,SF,2,0,1,0.0,0.0,0.0,0.0,0.0,0.0,0.0,0.0,0.0,0.0,0.0,0.0,0.0,0.0,0.0,0.031,-6.3,-1.2,-7.5,0.0,0,jacksju01,2023,1628382.0
